13,科技研究中心B座,18,5,2025-07-20 10:50:27
14,科技楼(主楼),20,7,2025-07-20 10:50:27
15,创新馆东区,6,0,2025-07-20 10:50:27
16,至善实验楼东区,7,2,2025-07-20 10:50:27
17,创新楼东区,14,5,2025-07-20 10:50:27
18,求是研究中心东区,15,0,2025-07-20 10:50:27
19,博学大厦(主楼),19,1,2025-07-20 10:50:27
20,求是大厦东区,15,4,2025-07-20 10:50:27
21,至善学术楼A座,3,1,2025-07-20 10:50:27
22,求是楼西区,5,0,2025-07-20 10:50:27
23,博学学术楼B座,2,2,2025-07-20 10:50:27
24,科技大厦B座,9,3,2025-07-20 10:50:27
25,博学学术楼(副楼),9,2,2025-07-20 10:50:27
26,博学研究中心(主楼),4,0,2025-07-20 10:50:27
27,明德馆(主楼),5,5,2025-07-20 10:50:27
28,求是学术楼B座,17,2,2025-07-20 10:50:27
29,创新学术楼(副楼),2,4,2025-07-20 10:50:27
30,博学楼东区,19,1,2025-07-20 10:50:27
31,求是楼西区,13,2,2025-07-20 10:50:27
32,创新学术楼东区,15,6,2025-07-20 10:50:27
33,明德学术楼东区,17,7,2025-07-20 10:50:27
34,求是馆A座,13,1,2025-07-20 10:50:27
35,明德大厦(副楼),18,5,2025-07-20 10:50:27
36,科技大厦(主楼),12,1,2025-07-20 10:50:27
37,科技楼(副楼),12,2,2025-07-20 10:50:27
38,科技实验楼东区,11,5,2025-07-20 10:50:27
39,至善学术楼(副楼),8,0,2025-07-20 10:50:27
40,明德实验楼东区,7,4,2025-07-20 10:50:27
41,创新实验楼西区,16,2,2025-07-20 10:50:27
42,博学学术楼东区,1,6,2025-07-20 10:50:27
43,博学研究中心B座,10,3,2025-07-20 10:50:27
44,科技馆(主楼),5,4,2025-07-20 10:50:27
45,求是楼(主楼),3,4,2025-07-20 10:50:27
46,博学实验楼东区,19,8,2025-07-20 10:50:27
47,求是楼西区,19,7,2025-07-20 10:50:27
48,科技实验楼(主楼),8,4,2025-07-20 10:50:27
49,博学大厦B座,12,3,2025-07-20 10:50:27
50,求是馆西区,7,0,2025-07-20 10:50:27
51,创新学术楼(主楼),7,8,2025-07-20 10:50:27
52,科技实验楼B座,19,0,2025-07-20 10:50:27
53,至善馆(主楼),5,3,2025-07-20 10:50:27
54,博学楼(副楼),11,6,2025-07-20 10:50:27
55,至善大厦东区,16,0,2025-07-20 10:50:27
56,求是楼东区,9,7,2025-07-20 10:50:27
57,科技楼(副楼),10,5,2025-07-20 10:50:27
58,明德楼东区,9,7,2025-07-20 10:50:27
59,求是馆A座,8,4,2025-07-20 10:50:27
60,明德馆西区,6,8,2025-07-20 10:50:27
61,科技实验楼东区,12,0,2025-07-20 10:50:27
62,创新学术楼(主楼),12,8,2025-07-20 10:50:27
63,博学学术楼西区,16,8,2025-07-20 10:50:27
64,博学大厦东区,7,4,2025-07-20 10:50:27
65,明德研究中心(副楼),5,4,2025-07-20 10:50:27
66,科技研究中心东区,4,8,2025-07-20 10:50:27
67,求是学术楼(副楼),1,3,2025-07-20 10:50:27
68,博学馆A座,7,5,2025-07-20 10:50:27
69,至善楼西区,4,0,2025-07-20 10:50:27
70,博学学术楼B座,1,8,2025-07-20 10:50:27
71,明德学术楼西区,18,2,2025-07-20 10:50:27
72,博学研究中心(主楼),18,3,2025-07-20 10:50:27
73,求是楼东区,13,6,2025-07-20 10:50:27
74,求是学术楼(主楼),17,2,2025-07-20 10:50:27
75,博学馆(副楼),1,7,2025-07-20 10:50:27
76,至善学术楼B座,9,8,2025-07-20 10:50:27
77,创新大厦A座,15,6,2025-07-20 10:50:27
78,明德楼东区,2,1,2025-07-20 10:50:27
79,博学馆(副楼),12,1,2025-07-20 10:50:27
80,求是实验楼东区,18,3,2025-07-20 10:50:27
81,求是研究中心(主楼),11,0,2025-07-20 10:50:27
82,科技学术楼B座,19,0,2025-07-20 10:50:27
83,创新大厦A座,10,1,2025-07-20 10:50:27
84,创新实验楼东区,11,7,2025-07-20 10:50:27
85,至善研究中心(副楼),8,6,2025-07-20 10:50:27
86,求是实验楼B座,3,2,2025-07-20 10:50:27
87,明德学术楼(主楼),14,6,2025-07-20 10:50:27
88,科技馆A座,9,2,2025-07-20 10:50:27
89,博学学术楼(主楼),20,4,2025-07-20 10:50:27
90,科技学术楼A座,19,0,2025-07-20 10:50:27
91,博学楼(副楼),11,2,2025-07-20 10:50:27
92,明德学术楼西区,14,4,2025-07-20 10:50:27
93,博学馆东区,3,7,2025-07-20 10:50:27
94,创新研究中心(副楼),9,2,2025-07-20 10:50:27
95,求是馆B座,7,3,2025-07-20 10:50:27
96,创新学术楼(主楼),7,7,2025-07-20 10:50:27
97,科技实验楼A座,4,7,2025-07-20 10:50:27
98,博学大厦(副楼),8,6,2025-07-20 10:50:27
99,创新馆西区,13,2,2025-07-20 10:50:27
100,求是实验楼东区,11,2,2025-07-20 10:50:27
101,创新大厦西区,16,1,2025-07-20 10:50:27
102,至善楼A座,5,4,2025-07-20 10:50:27
103,博学楼(主楼),20,6,2025-07-20 10:50:27
104,科技实验楼A座,9,2,2025-07-20 10:50:27
105,科技实验楼(主楼),3,0,2025-07-20 10:50:27
106,求是楼东区,3,6,2025-07-20 10:50:27
107,明德研究中心(副楼),18,5,2025-07-20 10:50:27
108,明德实验楼西区,5,4,2025-07-20 10:50:27
109,求是楼西区,8,6,2025-07-20 10:50:27
110,科技馆(主楼),9,6,2025-07-20 10:50:27
111,至善馆(副楼),5,2,2025-07-20 10:50:27
112,明德楼(主楼),7,6,2025-07-20 10:50:27
113,明德研究中心A座,4,4,2025-07-20 10:50:27
114,至善馆东区,3,3,2025-07-20 10:50:27
115,明德楼(主楼),12,2,2025-07-20 10:50:27
116,至善楼B座,9,8,2025-07-20 10:50:27
117,科技楼西区,16,6,2025-07-20 10:50:27
118,博学研究中心(副楼),5,7,2025-07-20 10:50:27
119,求是大厦东区,3,1,2025-07-20 10:50:27
120,求是楼东区,5,6,2025-07-20 10:50:27
121,科技楼西区,5,7,2025-07-20 10:50:27
122,至善楼(副楼),12,0,2025-07-20 10:50:27
123,创新实验楼西区,3,3,2025-07-20 10:50:27
124,科技楼东区,19,0,2025-07-20 10:50:27
125,求是学术楼西区,16,6,2025-07-20 10:50:27
126,创新学术楼(副楼),5,2,2025-07-20 10:50:27
127,博学大厦(副楼),9,2,2025-07-20 10:50:27
128,至善馆(主楼),16,2,2025-07-20 10:50:27
129,至善馆(副楼),7,6,2025-07-20 10:50:27
130,科技大厦东区,3,7,2025-07-20 10:50:27
131,至善学术楼西区,20,2,2025-07-20 10:50:27
132,至善大厦西区,14,5,2025-07-20 10:50:27
133,博学实验楼西区,9,5,2025-07-20 10:50:27
134,至善学术楼(主楼),16,6,2025-07-20 10:50:27
135,求是实验楼(主楼),5,3,2025-07-20 10:50:27
136,创新学术楼(副楼),17,4,2025-07-20 10:50:27
137,明德学术楼(主楼),11,8,2025-07-20 10:50:27
138,创新大厦B座,1,5,2025-07-20 10:50:27
139,至善大厦B座,15,3,2025-07-20 10:50:27
140,科技馆西区,12,5,2025-07-20 10:50:27
141,科技学术楼西区,13,4,2025-07-20 10:50:27
142,求是馆B座,4,3,2025-07-20 10:50:27
143,创新学术楼东区,15,3,2025-07-20 10:50:27
144,明德大厦B座,4,0,2025-07-20 10:50:27
145,创新楼B座,1,4,2025-07-20 10:50:27
146,科技馆B座,10,3,2025-07-20 10:50:27
147,明德研究中心A座,5,3,2025-07-20 10:50:27
148,求是大厦(副楼),5,8,2025-07-20 10:50:27
149,求是研究中心(副楼),20,8,2025-07-20 10:50:27
150,至善实验楼西区,16,6,2025-07-20 10:50:27
151,科技研究中心(主楼),16,1,2025-07-20 10:50:27
152,创新楼(主楼),17,4,2025-07-20 10:50:27
153,博学楼东区,15,3,2025-07-20 10:50:27
154,明德楼东区,15,0,2025-07-20 10:50:27
155,科技楼B座,5,4,2025-07-20 10:50:27
156,至善学术楼A座,1,8,2025-07-20 10:50:27
157,至善楼(副楼),14,8,2025-07-20 10:50:27
158,至善学术楼东区,20,8,2025-07-20 10:50:27
159,创新实验楼A座,4,6,2025-07-20 10:50:27
160,求是馆西区,9,4,2025-07-20 10:50:27
161,科技楼A座,18,0,2025-07-20 10:50:27
162,创新研究中心B座,12,0,2025-07-20 10:50:27
163,创新实验楼(主楼),16,2,2025-07-20 10:50:27
164,博学楼A座,12,1,2025-07-20 10:50:27
165,求是楼(副楼),9,6,2025-07-20 10:50:27
166,至善实验楼东区,4,6,2025-07-20 10:50:27
167,求是学术楼B座,10,3,2025-07-20 10:50:27
168,科技实验楼(主楼),6,6,2025-07-20 10:50:27
169,科技实验楼东区,6,7,2025-07-20 10:50:27
170,科技学术楼B座,1,0,2025-07-20 10:50:27
171,明德研究中心西区,14,8,2025-07-20 10:50:27
172,求是研究中心东区,12,2,2025-07-20 10:50:27
173,科技学术楼B座,12,0,2025-07-20 10:50:27
174,至善研究中心东区,9,8,2025-07-20 10:50:27
175,科技馆西区,19,8,2025-07-20 10:50:27
176,博学学术楼B座,11,7,2025-07-20 10:50:27
177,求是馆西区,4,1,2025-07-20 10:50:27
178,明德研究中心(副楼),4,3,2025-07-20 10:50:27
179,明德大厦西区,2,4,2025-07-20 10:50:27
180,科技学术楼(主楼),13,4,2025-07-20 10:50:27
181,创新研究中心东区,2,5,2025-07-20 10:50:27
182,求是馆(副楼),14,7,2025-07-20 10:50:27
183,科技学术楼B座,5,0,2025-07-20 10:50:27
184,至善大厦B座,8,2,2025-07-20 10:50:27
185,至善馆A座,20,4,2025-07-20 10:50:27
186,求是学术楼A座,19,5,2025-07-20 10:50:27
187,创新学术楼东区,14,3,2025-07-20 10:50:27
188,科技研究中心(副楼),14,4,2025-07-20 10:50:27
189,至善学术楼A座,19,2,2025-07-20 10:50:27
190,求是大厦(副楼),3,5,2025-07-20 10:50:27
191,博学大厦(主楼),14,7,2025-07-20 10:50:27
192,求是楼(主楼),5,5,2025-07-20 10:50:27
193,至善馆A座,2,8,2025-07-20 10:50:27
194,明德学术楼东区,6,8,2025-07-20 10:50:27
195,创新楼西区,16,7,2025-07-20 10:50:27
196,求是学术楼(主楼),13,5,2025-07-20 10:50:27
197,求是学术楼(副楼),1,2,2025-07-20 10:50:27
198,至善学术楼东区,8,0,2025-07-20 10:50:27
199,博学大厦B座,17,0,2025-07-20 10:50:28
200,至善实验楼B座,5,7,2025-07-20 10:50:28
201,至善学术楼B座,7,2,2025-07-20 10:50:28
202,至善学术楼东区,4,4,2025-07-20 10:50:28
203,博学实验楼B座,17,3,2025-07-20 10:50:28
204,求是楼B座,19,6,2025-07-20 10:50:28
205,创新实验楼东区,20,5,2025-07-20 10:50:28
206,至善楼(副楼),4,6,2025-07-20 10:50:28
207,至善馆B座,14,5,2025-07-20 10:50:28
208,明德馆(主楼),19,6,2025-07-20 10:50:28
209,明德研究中心(副楼),6,6,2025-07-20 10:50:28
210,创新楼(主楼),12,4,2025-07-20 10:50:28
211,明德楼(副楼),10,3,2025-07-20 10:50:28
212,求是楼东区,10,7,2025-07-20 10:50:28
213,明德实验楼东区,2,1,2025-07-20 10:50:28
214,明德研究中心东区,14,2,2025-07-20 10:50:28
215,明德学术楼A座,6,0,2025-07-20 10:50:28
216,至善学术楼西区,10,2,2025-07-20 10:50:28
217,明德研究中心西区,9,1,2025-07-20 10:50:28
218,求是学术楼东区,13,7,2025-07-20 10:50:28
219,至善大厦B座,8,3,2025-07-20 10:50:28
220,求是大厦A座,18,2,2025-07-20 10:50:28
221,求是研究中心西区,18,4,2025-07-20 10:50:28
222,科技馆(主楼),7,4,2025-07-20 10:50:28
223,至善楼B座,6,3,2025-07-20 10:50:28
224,创新实验楼东区,19,8,2025-07-20 10:50:28
225,博学实验楼东区,7,2,2025-07-20 10:50:28
226,至善馆(主楼),3,6,2025-07-20 10:50:28
227,科技馆(主楼),10,0,2025-07-20 10:50:28
228,创新馆A座,4,3,2025-07-20 10:50:28
229,博学学术楼A座,9,4,2025-07-20 10:50:28
230,明德研究中心A座,5,3,2025-07-20 10:50:28
231,科技馆A座,11,4,2025-07-20 10:50:28
232,至善研究中心(主楼),11,2,2025-07-20 10:50:28
233,至善馆(主楼),12,6,2025-07-20 10:50:28
234,至善楼东区,2,3,2025-07-20 10:50:28
235,明德楼(主楼),7,8,2025-07-20 10:50:28
236,求是学术楼B座,16,4,2025-07-20 10:50:28
237,至善研究中心(副楼),3,4,2025-07-20 10:50:28
238,至善实验楼B座,17,1,2025-07-20 10:50:28
239,求是馆(副楼),13,8,2025-07-20 10:50:28
240,博学楼(主楼),19,7,2025-07-20 10:50:28
241,创新实验楼东区,11,2,2025-07-20 10:50:28
242,求是楼(副楼),20,3,2025-07-20 10:50:28
243,明德学术楼B座,19,0,2025-07-20 10:50:28
244,明德楼A座,12,7,2025-07-20 10:50:28
245,至善楼B座,1,4,2025-07-20 10:50:28
246,求是楼A座,17,0,2025-07-20 10:50:28
247,求是实验楼西区,3,6,2025-07-20 10:50:28
248,求是楼(主楼),9,2,2025-07-20 10:50:28
249,明德馆(副楼),16,7,2025-07-20 10:50:28
250,博学馆A座,8,3,2025-07-20 10:50:28
251,创新大厦A座,11,8,2025-07-20 10:50:28
252,求是研究中心(副楼),1,1,2025-07-20 10:50:28
253,至善大厦西区,11,2,2025-07-20 10:50:28
254,博学学术楼(主楼),8,3,2025-07-20 10:50:28
255,求是馆东区,4,2,2025-07-20 10:50:28
256,求是研究中心东区,15,0,2025-07-20 10:50:28
257,博学大厦西区,7,4,2025-07-20 10:50:28
258,明德馆A座,7,5,2025-07-20 10:50:28
259,科技馆A座,18,4,2025-07-20 10:50:28
260,创新学术楼(主楼),6,7,2025-07-20 10:50:28
261,至善馆B座,1,4,2025-07-20 10:50:28
262,博学大厦东区,8,8,2025-07-20 10:50:28
263,明德楼东区,13,4,2025-07-20 10:50:28
264,明德学术楼B座,4,5,2025-07-20 10:50:28
265,明德研究中心东区,4,2,2025-07-20 10:50:28
266,明德学术楼B座,18,3,2025-07-20 10:50:28
267,创新学术楼A座,7,3,2025-07-20 10:50:28
268,博学学术楼(副楼),16,0,2025-07-20 10:50:28
269,至善研究中心(副楼),9,2,2025-07-20 10:50:28
270,至善楼(副楼),19,0,2025-07-20 10:50:28
271,求是学术楼西区,11,6,2025-07-20 10:50:28
272,创新楼B座,8,0,2025-07-20 10:50:28
273,创新馆东区,8,4,2025-07-20 10:50:28
274,至善实验楼西区,9,8,2025-07-20 10:50:28
275,创新楼A座,12,7,2025-07-20 10:50:28
276,至善学术楼(主楼),17,4,2025-07-20 10:50:28
277,明德楼A座,18,1,2025-07-20 10:50:28
278,创新楼东区,3,6,2025-07-20 10:50:28
279,明德研究中心A座,6,2,2025-07-20 10:50:28
280,明德实验楼东区,16,5,2025-07-20 10:50:28
281,创新馆(主楼),13,8,2025-07-20 10:50:28
282,科技馆(主楼),20,8,2025-07-20 10:50:28
283,求是馆B座,4,8,2025-07-20 10:50:28
284,求是学术楼(副楼),5,3,2025-07-20 10:50:28
285,求是大厦东区,6,6,2025-07-20 10:50:28
286,求是研究中心东区,3,2,2025-07-20 10:50:28
287,求是楼西区,18,1,2025-07-20 10:50:28
288,博学实验楼西区,13,4,2025-07-20 10:50:28
289,科技楼东区,2,1,2025-07-20 10:50:28
290,求是研究中心(主楼),14,3,2025-07-20 10:50:28
291,至善研究中心(副楼),12,1,2025-07-20 10:50:28
292,明德研究中心东区,16,0,2025-07-20 10:50:28
293,创新学术楼(副楼),15,8,2025-07-20 10:50:28
294,求是大厦东区,12,7,2025-07-20 10:50:28
295,科技实验楼(主楼),3,1,2025-07-20 10:50:28
296,求是实验楼B座,2,8,2025-07-20 10:50:28
297,求是馆(主楼),17,2,2025-07-20 10:50:28
298,明德研究中心东区,9,5,2025-07-20 10:50:28
299,求是大厦A座,13,0,2025-07-20 10:50:28
300,博学实验楼A座,18,2,2025-07-20 10:50:28
301,至善楼(主楼),19,6,2025-07-20 10:50:28
302,博学学术楼B座,4,0,2025-07-20 10:50:28
303,创新研究中心(副楼),10,5,2025-07-20 10:50:28
304,求是楼A座,8,6,2025-07-20 10:50:28
305,科技研究中心西区,9,0,2025-07-20 10:50:28
306,至善大厦西区,6,4,2025-07-20 10:50:28
307,创新实验楼(主楼),5,5,2025-07-20 10:50:28
308,科技楼东区,15,6,2025-07-20 10:50:28
309,科技馆B座,12,8,2025-07-20 10:50:28
310,求是实验楼(副楼),15,5,2025-07-20 10:50:28
311,求是楼A座,11,6,2025-07-20 10:50:28
312,至善学术楼东区,4,0,2025-07-20 10:50:28
313,至善楼B座,11,7,2025-07-20 10:50:28
314,至善实验楼B座,9,6,2025-07-20 10:50:28
315,创新学术楼东区,8,4,2025-07-20 10:50:28
316,博学研究中心东区,9,3,2025-07-20 10:50:28
317,明德楼东区,18,1,2025-07-20 10:50:28
318,至善研究中心A座,3,4,2025-07-20 10:50:28
319,科技学术楼B座,5,5,2025-07-20 10:50:28
320,至善馆西区,20,5,2025-07-20 10:50:28
321,求是馆A座,7,1,2025-07-20 10:50:28
322,创新楼西区,17,3,2025-07-20 10:50:28
323,至善楼A座,16,2,2025-07-20 10:50:28
324,至善实验楼(主楼),11,0,2025-07-20 10:50:28
325,博学馆B座,1,6,2025-07-20 10:50:28
326,求是实验楼东区,9,7,2025-07-20 10:50:28
327,求是研究中心(副楼),6,5,2025-07-20 10:50:28
328,明德楼B座,6,0,2025-07-20 10:50:28
329,创新楼A座,14,8,2025-07-20 10:50:28
330,至善研究中心(副楼),10,6,2025-07-20 10:50:28
331,明德楼东区,1,1,2025-07-20 10:50:28
332,明德学术楼B座,19,3,2025-07-20 10:50:28
333,创新馆B座,11,2,2025-07-20 10:50:28
334,求是研究中心(副楼),9,6,2025-07-20 10:50:28
335,博学研究中心(主楼),19,2,2025-07-20 10:50:28
336,博学实验楼A座,20,3,2025-07-20 10:50:28
337,博学实验楼A座,8,5,2025-07-20 10:50:28
338,求是实验楼西区,5,7,2025-07-20 10:50:28
339,博学楼东区,1,6,2025-07-20 10:50:28
340,博学学术楼B座,20,5,2025-07-20 10:50:28
341,科技实验楼A座,15,6,2025-07-20 10:50:28
342,明德实验楼A座,20,6,2025-07-20 10:50:28
343,求是学术楼(副楼),18,1,2025-07-20 10:50:28
344,科技研究中心B座,6,7,2025-07-20 10:50:28
345,至善大厦(主楼),18,5,2025-07-20 10:50:28
346,科技大厦A座,15,0,2025-07-20 10:50:28
347,至善大厦(副楼),3,0,2025-07-20 10:50:28
348,创新楼(副楼),19,6,2025-07-20 10:50:28
349,求是楼A座,6,4,2025-07-20 10:50:28
350,博学学术楼B座,8,6,2025-07-20 10:50:28
351,博学研究中心B座,8,8,2025-07-20 10:50:28
352,至善学术楼(主楼),13,8,2025-07-20 10:50:28
353,求是楼B座,9,7,2025-07-20 10:50:28
354,博学研究中心(副楼),16,3,2025-07-20 10:50:28
355,博学实验楼西区,11,1,2025-07-20 10:50:28
356,创新学术楼(副楼),7,6,2025-07-20 10:50:28
357,至善大厦(主楼),14,0,2025-07-20 10:50:28
358,求是馆(主楼),19,2,2025-07-20 10:50:28
359,至善大厦(副楼),8,1,2025-07-20 10:50:28
360,至善馆A座,2,7,2025-07-20 10:50:28
361,创新大厦(副楼),4,3,2025-07-20 10:50:28
362,博学研究中心B座,3,7,2025-07-20 10:50:28
363,科技学术楼东区,7,4,2025-07-20 10:50:28
364,求是实验楼东区,9,0,2025-07-20 10:50:28
365,创新实验楼B座,9,8,2025-07-20 10:50:28
366,明德研究中心B座,17,3,2025-07-20 10:50:28
367,创新研究中心A座,16,0,2025-07-20 10:50:28
368,明德楼(副楼),5,1,2025-07-20 10:50:28
369,至善馆东区,14,0,2025-07-20 10:50:28
370,创新学术楼A座,18,7,2025-07-20 10:50:28
371,博学学术楼西区,11,0,2025-07-20 10:50:28
372,求是研究中心A座,19,7,2025-07-20 10:50:28
373,明德学术楼(副楼),16,0,2025-07-20 10:50:28
374,创新研究中心东区,10,8,2025-07-20 10:50:28
375,求是大厦(副楼),4,4,2025-07-20 10:50:28
376,明德学术楼(主楼),12,1,2025-07-20 10:50:28
377,至善实验楼东区,1,4,2025-07-20 10:50:28
378,科技实验楼B座,12,6,2025-07-20 10:50:28
379,科技实验楼B座,1,4,2025-07-20 10:50:28
380,明德研究中心西区,7,6,2025-07-20 10:50:28
381,博学实验楼A座,4,3,2025-07-20 10:50:28
382,科技馆东区,8,6,2025-07-20 10:50:28
383,至善学术楼A座,20,1,2025-07-20 10:50:28
384,明德馆(主楼),9,8,2025-07-20 10:50:28
385,创新学术楼B座,14,0,2025-07-20 10:50:28
386,博学研究中心东区,6,5,2025-07-20 10:50:28
387,至善大厦B座,5,3,2025-07-20 10:50:28
388,博学实验楼东区,3,0,2025-07-20 10:50:28
389,创新馆(副楼),8,4,2025-07-20 10:50:28
390,创新楼西区,15,5,2025-07-20 10:50:28
391,求是楼(主楼),12,3,2025-07-20 10:50:28
392,求是研究中心B座,12,3,2025-07-20 10:50:28
393,求是研究中心(副楼),16,1,2025-07-20 10:50:28
394,博学研究中心西区,16,7,2025-07-20 10:50:28
395,明德学术楼A座,3,1,2025-07-20 10:50:28
396,求是研究中心东区,9,4,2025-07-20 10:50:28
397,博学馆B座,1,1,2025-07-20 10:50:28
398,科技馆B座,12,4,2025-07-20 10:50:28
399,科技实验楼东区,4,3,2025-07-20 10:50:28
400,创新学术楼A座,15,6,2025-07-20 10:50:28
401,科技楼西区,6,3,2025-07-20 10:50:28
402,科技学术楼东区,18,1,2025-07-20 10:50:28
403,求是实验楼A座,8,6,2025-07-20 10:50:28
404,求是大厦东区,14,5,2025-07-20 10:50:28
405,创新大厦东区,12,0,2025-07-20 10:50:28
406,博学研究中心东区,20,3,2025-07-20 10:50:28
407,科技实验楼(副楼),4,8,2025-07-20 10:50:28
408,明德实验楼西区,14,6,2025-07-20 10:50:28
409,至善楼(主楼),9,5,2025-07-20 10:50:28
410,明德楼B座,20,2,2025-07-20 10:50:28
411,博学研究中心西区,11,2,2025-07-20 10:50:28
412,明德实验楼西区,5,8,2025-07-20 10:50:28
413,博学实验楼A座,10,5,2025-07-20 10:50:28
414,博学馆(主楼),13,5,2025-07-20 10:50:28
415,创新实验楼A座,1,4,2025-07-20 10:50:28
416,明德大厦(主楼),20,8,2025-07-20 10:50:28
417,创新馆(副楼),13,6,2025-07-20 10:50:28
418,求是学术楼西区,3,0,2025-07-20 10:50:28
419,博学馆B座,6,5,2025-07-20 10:50:28
420,创新馆西区,19,1,2025-07-20 10:50:28
421,至善楼东区,2,3,2025-07-20 10:50:28
422,科技楼B座,3,7,2025-07-20 10:50:28
423,求是楼西区,11,6,2025-07-20 10:50:28
424,至善实验楼东区,11,3,2025-07-20 10:50:28
425,创新大厦(副楼),2,2,2025-07-20 10:50:28
426,明德大厦东区,11,5,2025-07-20 10:50:28
427,求是大厦(副楼),1,5,2025-07-20 10:50:28
428,科技大厦B座,5,4,2025-07-20 10:50:28
429,求是楼西区,3,8,2025-07-20 10:50:28
430,明德馆B座,13,6,2025-07-20 10:50:28
431,明德研究中心(主楼),4,2,2025-07-20 10:50:28
432,科技楼(主楼),2,5,2025-07-20 10:50:28
433,博学馆B座,20,8,2025-07-20 10:50:28
434,博学馆B座,4,6,2025-07-20 10:50:28
435,博学学术楼A座,18,8,2025-07-20 10:50:28
436,创新馆(副楼),20,3,2025-07-20 10:50:28
437,科技楼东区,19,0,2025-07-20 10:50:28
438,科技大厦B座,9,6,2025-07-20 10:50:28
439,求是研究中心B座,18,7,2025-07-20 10:50:28
440,至善大厦A座,18,3,2025-07-20 10:50:28
441,创新实验楼(副楼),16,0,2025-07-20 10:50:28
442,科技研究中心(主楼),12,2,2025-07-20 10:50:28
443,求是大厦东区,8,4,2025-07-20 10:50:28
444,明德研究中心东区,18,2,2025-07-20 10:50:28
445,求是研究中心(主楼),19,1,2025-07-20 10:50:29
446,明德实验楼东区,10,4,2025-07-20 10:50:29
447,博学研究中心B座,16,6,2025-07-20 10:50:29
448,求是大厦(主楼),9,0,2025-07-20 10:50:29
449,至善大厦东区,1,3,2025-07-20 10:50:29
450,至善大厦东区,13,5,2025-07-20 10:50:29
451,科技楼A座,11,8,2025-07-20 10:50:29
452,至善馆A座,14,2,2025-07-20 10:50:29
453,博学馆(副楼),6,2,2025-07-20 10:50:29
454,至善实验楼东区,6,0,2025-07-20 10:50:29
455,博学大厦B座,5,8,2025-07-20 10:50:29
456,科技大厦西区,17,0,2025-07-20 10:50:29
457,至善实验楼西区,13,0,2025-07-20 10:50:29
458,创新楼A座,18,5,2025-07-20 10:50:29
459,创新馆A座,6,3,2025-07-20 10:50:29
460,明德馆A座,13,8,2025-07-20 10:50:29
461,明德楼(副楼),13,4,2025-07-20 10:50:29
462,至善馆A座,4,5,2025-07-20 10:50:29
463,博学楼东区,9,5,2025-07-20 10:50:29
464,科技大厦西区,18,2,2025-07-20 10:50:29
465,至善研究中心西区,10,3,2025-07-20 10:50:29
466,至善研究中心东区,19,4,2025-07-20 10:50:29
467,求是大厦(主楼),4,7,2025-07-20 10:50:29
468,至善楼西区,8,0,2025-07-20 10:50:29
469,至善学术楼(副楼),9,3,2025-07-20 10:50:29
470,创新楼东区,15,5,2025-07-20 10:50:29
471,博学大厦A座,7,5,2025-07-20 10:50:29
472,明德楼西区,17,8,2025-07-20 10:50:29
473,科技楼西区,11,7,2025-07-20 10:50:29
474,至善楼西区,20,3,2025-07-20 10:50:29
475,博学大厦(主楼),20,2,2025-07-20 10:50:29
476,博学实验楼东区,20,6,2025-07-20 10:50:29
477,至善大厦B座,6,0,2025-07-20 10:50:29
478,创新大厦(主楼),7,2,2025-07-20 10:50:29
479,创新楼东区,10,8,2025-07-20 10:50:29
480,明德楼东区,5,7,2025-07-20 10:50:29
481,至善馆西区,20,2,2025-07-20 10:50:29
482,求是研究中心B座,18,4,2025-07-20 10:50:29
483,科技馆(副楼),5,0,2025-07-20 10:50:29
484,求是大厦B座,18,1,2025-07-20 10:50:29
485,明德楼(副楼),6,3,2025-07-20 10:50:29
486,博学馆(主楼),13,0,2025-07-20 10:50:29
487,求是馆B座,4,5,2025-07-20 10:50:29
488,博学馆(主楼),13,3,2025-07-20 10:50:29
489,明德学术楼A座,15,3,2025-07-20 10:50:29
490,博学大厦(副楼),5,1,2025-07-20 10:50:29
491,至善楼A座,12,5,2025-07-20 10:50:29
492,至善楼(副楼),8,0,2025-07-20 10:50:29
493,至善大厦B座,3,4,2025-07-20 10:50:29
494,求是实验楼A座,16,1,2025-07-20 10:50:29
495,至善学术楼西区,18,0,2025-07-20 10:50:29
496,至善研究中心西区,19,2,2025-07-20 10:50:29
497,博学楼A座,6,6,2025-07-20 10:50:29
498,求是馆B座,13,3,2025-07-20 10:50:29
499,博学学术楼东区,20,4,2025-07-20 10:50:29
500,求是馆A座,6,4,2025-07-20 10:50:29
501,创新馆A座,15,1,2025-07-20 10:50:29
502,科技大厦东区,14,4,2025-07-20 10:50:29
503,求是大厦A座,6,6,2025-07-20 10:50:29
504,创新楼西区,12,4,2025-07-20 10:50:29
505,至善学术楼西区,20,0,2025-07-20 10:50:29
506,创新楼西区,12,0,2025-07-20 10:50:29
507,明德学术楼西区,17,3,2025-07-20 10:50:29
508,至善研究中心东区,8,5,2025-07-20 10:50:29
509,科技学术楼西区,6,7,2025-07-20 10:50:29
510,明德学术楼西区,15,8,2025-07-20 10:50:29
511,求是楼B座,19,2,2025-07-20 10:50:29
512,明德研究中心西区,9,4,2025-07-20 10:50:29
513,至善学术楼B座,1,4,2025-07-20 10:50:29
514,求是大厦(副楼),16,0,2025-07-20 10:50:29
515,至善学术楼A座,7,0,2025-07-20 10:50:29
516,求是楼(副楼),12,7,2025-07-20 10:50:29
517,博学大厦A座,1,7,2025-07-20 10:50:29
518,创新楼A座,18,7,2025-07-20 10:50:29
519,求是实验楼西区,8,3,2025-07-20 10:50:29
520,至善馆(主楼),17,8,2025-07-20 10:50:29
521,至善实验楼B座,11,6,2025-07-20 10:50:29
522,博学大厦B座,12,3,2025-07-20 10:50:29
523,创新大厦B座,3,2,2025-07-20 10:50:29
524,科技馆东区,7,1,2025-07-20 10:50:29
525,至善实验楼西区,11,5,2025-07-20 10:50:29
526,至善学术楼A座,13,3,2025-07-20 10:50:29
527,至善学术楼东区,3,3,2025-07-20 10:50:29
528,博学研究中心西区,9,6,2025-07-20 10:50:29
529,明德大厦A座,3,1,2025-07-20 10:50:29
530,科技实验楼A座,12,7,2025-07-20 10:50:29
531,博学研究中心(副楼),8,7,2025-07-20 10:50:29
532,博学楼B座,15,1,2025-07-20 10:50:29
533,明德学术楼西区,13,0,2025-07-20 10:50:29
534,创新研究中心西区,20,3,2025-07-20 10:50:29
535,明德大厦东区,14,3,2025-07-20 10:50:29
536,科技楼A座,6,0,2025-07-20 10:50:29
537,明德楼西区,16,8,2025-07-20 10:50:29
538,至善楼(主楼),7,0,2025-07-20 10:50:29
539,明德馆(主楼),15,7,2025-07-20 10:50:29
540,至善馆B座,12,1,2025-07-20 10:50:29
541,至善研究中心东区,11,4,2025-07-20 10:50:29
542,至善研究中心西区,9,8,2025-07-20 10:50:29
543,博学实验楼B座,4,5,2025-07-20 10:50:29
544,科技实验楼B座,4,3,2025-07-20 10:50:29
545,创新楼(主楼),5,6,2025-07-20 10:50:29
546,博学馆(主楼),20,7,2025-07-20 10:50:29
547,博学实验楼B座,4,5,2025-07-20 10:50:29
548,求是研究中心西区,2,0,2025-07-20 10:50:29
549,博学楼(副楼),15,4,2025-07-20 10:50:29
550,明德馆B座,6,4,2025-07-20 10:50:29
551,求是研究中心东区,18,3,2025-07-20 10:50:29
552,科技实验楼(主楼),18,0,2025-07-20 10:50:29
553,博学研究中心西区,6,1,2025-07-20 10:50:29
554,科技学术楼(主楼),13,4,2025-07-20 10:50:29
555,至善学术楼东区,3,7,2025-07-20 10:50:29
556,明德大厦东区,13,6,2025-07-20 10:50:29
557,至善实验楼(主楼),7,7,2025-07-20 10:50:29
558,至善学术楼(副楼),19,3,2025-07-20 10:50:29
559,明德研究中心西区,9,8,2025-07-20 10:50:29
560,创新馆西区,7,4,2025-07-20 10:50:29
561,至善大厦东区,13,0,2025-07-20 10:50:29
562,明德学术楼A座,15,3,2025-07-20 10:50:29
563,博学研究中心西区,6,4,2025-07-20 10:50:29
564,明德学术楼东区,5,8,2025-07-20 10:50:29
565,博学大厦A座,9,1,2025-07-20 10:50:29
566,创新实验楼B座,9,3,2025-07-20 10:50:29
567,至善研究中心东区,3,7,2025-07-20 10:50:29
568,明德馆A座,3,6,2025-07-20 10:50:29
569,求是实验楼A座,5,1,2025-07-20 10:50:29
570,至善大厦A座,4,6,2025-07-20 10:50:29
571,明德大厦(主楼),2,8,2025-07-20 10:50:29
572,至善大厦(副楼),4,8,2025-07-20 10:50:29
573,博学大厦西区,1,5,2025-07-20 10:50:29
574,创新实验楼(副楼),9,7,2025-07-20 10:50:29
575,创新楼A座,9,3,2025-07-20 10:50:29
576,至善实验楼B座,6,7,2025-07-20 10:50:29
577,博学研究中心东区,7,7,2025-07-20 10:50:29
578,创新学术楼B座,6,4,2025-07-20 10:50:29
579,博学学术楼(副楼),6,5,2025-07-20 10:50:29
580,至善楼A座,20,0,2025-07-20 10:50:29
581,至善学术楼(主楼),16,4,2025-07-20 10:50:29
582,至善实验楼A座,3,1,2025-07-20 10:50:29
583,创新大厦(副楼),19,2,2025-07-20 10:50:29
584,博学研究中心A座,13,1,2025-07-20 10:50:29
585,至善研究中心A座,16,6,2025-07-20 10:50:29
586,博学研究中心(主楼),7,5,2025-07-20 10:50:29
587,求是馆B座,6,2,2025-07-20 10:50:29
588,至善研究中心西区,15,5,2025-07-20 10:50:29
589,博学大厦(副楼),14,6,2025-07-20 10:50:29
590,求是楼(副楼),20,2,2025-07-20 10:50:29
591,博学馆东区,17,4,2025-07-20 10:50:29
592,创新研究中心B座,6,8,2025-07-20 10:50:29
593,求是实验楼(副楼),1,5,2025-07-20 10:50:29
594,求是学术楼东区,15,7,2025-07-20 10:50:29
595,创新楼(副楼),15,2,2025-07-20 10:50:29
596,创新学术楼A座,5,0,2025-07-20 10:50:29
597,科技实验楼东区,5,8,2025-07-20 10:50:29
598,至善实验楼B座,2,0,2025-07-20 10:50:29
599,求是馆东区,1,0,2025-07-20 10:50:29
600,博学大厦A座,16,3,2025-07-20 10:50:29
601,科技大厦B座,16,3,2025-07-20 10:50:29
602,博学研究中心B座,14,7,2025-07-20 10:50:29
603,科技学术楼(主楼),13,7,2025-07-20 10:50:29
604,科技大厦(主楼),13,7,2025-07-20 10:50:29
605,明德楼(副楼),9,2,2025-07-20 10:50:29
606,明德研究中心西区,4,4,2025-07-20 10:50:29
607,创新实验楼东区,11,6,2025-07-20 10:50:29
608,求是大厦A座,19,1,2025-07-20 10:50:29
609,博学楼B座,17,3,2025-07-20 10:50:29
610,求是学术楼东区,10,4,2025-07-20 10:50:29
611,博学大厦(主楼),2,3,2025-07-20 10:50:29
612,明德大厦(主楼),11,1,2025-07-20 10:50:29
613,科技学术楼西区,15,0,2025-07-20 10:50:29
614,至善馆(副楼),3,3,2025-07-20 10:50:29
615,求是学术楼(副楼),14,2,2025-07-20 10:50:29
616,至善馆东区,13,5,2025-07-20 10:50:29
617,博学实验楼B座,10,3,2025-07-20 10:50:29
618,至善楼西区,1,3,2025-07-20 10:50:29
619,科技大厦(主楼),15,6,2025-07-20 10:50:29
620,求是实验楼东区,9,5,2025-07-20 10:50:29
621,创新研究中心东区,10,0,2025-07-20 10:50:29
622,博学馆西区,19,2,2025-07-20 10:50:29
623,至善学术楼A座,12,6,2025-07-20 10:50:29
624,科技研究中心B座,1,7,2025-07-20 10:50:29
625,创新楼A座,10,4,2025-07-20 10:50:29
626,博学馆西区,8,1,2025-07-20 10:50:29
627,明德研究中心A座,2,5,2025-07-20 10:50:29
628,科技馆东区,12,4,2025-07-20 10:50:29
629,科技研究中心B座,14,5,2025-07-20 10:50:29
630,创新研究中心西区,19,3,2025-07-20 10:50:29
631,科技实验楼(主楼),2,6,2025-07-20 10:50:29
632,明德学术楼B座,7,2,2025-07-20 10:50:29
633,明德馆B座,12,1,2025-07-20 10:50:29
634,创新大厦东区,4,7,2025-07-20 10:50:29
635,科技实验楼西区,13,6,2025-07-20 10:50:29
636,创新大厦(副楼),2,2,2025-07-20 10:50:29
637,创新馆(主楼),14,7,2025-07-20 10:50:29
638,创新研究中心B座,8,0,2025-07-20 10:50:29
639,科技研究中心东区,19,4,2025-07-20 10:50:29
640,创新楼A座,6,8,2025-07-20 10:50:29
641,创新实验楼西区,1,5,2025-07-20 10:50:29
642,科技大厦B座,14,0,2025-07-20 10:50:29
643,至善实验楼西区,11,7,2025-07-20 10:50:29
644,求是研究中心B座,9,7,2025-07-20 10:50:29
645,创新学术楼西区,18,2,2025-07-20 10:50:29
646,求是馆A座,10,2,2025-07-20 10:50:29
647,明德大厦A座,8,3,2025-07-20 10:50:29
648,求是实验楼A座,16,2,2025-07-20 10:50:29
649,博学学术楼东区,5,0,2025-07-20 10:50:29
650,博学学术楼(主楼),17,2,2025-07-20 10:50:29
651,至善学术楼(主楼),2,8,2025-07-20 10:50:29
652,求是研究中心B座,20,7,2025-07-20 10:50:29
653,创新楼(主楼),17,8,2025-07-20 10:50:29
654,至善大厦东区,6,3,2025-07-20 10:50:29
655,明德馆(主楼),13,2,2025-07-20 10:50:29
656,明德学术楼A座,20,7,2025-07-20 10:50:29
657,明德实验楼A座,3,2,2025-07-20 10:50:29
658,明德楼B座,9,6,2025-07-20 10:50:29
659,创新学术楼(主楼),16,7,2025-07-20 10:50:29
660,博学实验楼东区,1,2,2025-07-20 10:50:29
661,科技实验楼东区,1,8,2025-07-20 10:50:29
662,博学研究中心(副楼),4,7,2025-07-20 10:50:29
663,创新学术楼(副楼),18,5,2025-07-20 10:50:29
664,至善实验楼(主楼),12,2,2025-07-20 10:50:29
665,求是大厦B座,1,5,2025-07-20 10:50:29
666,至善大厦西区,3,5,2025-07-20 10:50:29
667,博学大厦东区,13,6,2025-07-20 10:50:29
668,求是研究中心东区,10,0,2025-07-20 10:50:29
669,创新实验楼B座,1,1,2025-07-20 10:50:29
670,求是学术楼西区,2,0,2025-07-20 10:50:29
671,博学研究中心(主楼),14,8,2025-07-20 10:50:29
672,求是楼(副楼),12,8,2025-07-20 10:50:29
673,求是实验楼东区,18,1,2025-07-20 10:50:29
674,至善楼B座,1,0,2025-07-20 10:50:29
675,至善实验楼B座,2,0,2025-07-20 10:50:29
676,创新学术楼(主楼),17,0,2025-07-20 10:50:29
677,科技实验楼(主楼),19,2,2025-07-20 10:50:29
678,至善馆B座,20,5,2025-07-20 10:50:29
679,求是实验楼A座,16,6,2025-07-20 10:50:29
680,明德学术楼(副楼),20,4,2025-07-20 10:50:29
681,求是研究中心东区,10,1,2025-07-20 10:50:29
682,科技楼(主楼),16,2,2025-07-20 10:50:29
683,至善楼(副楼),3,8,2025-07-20 10:50:29
684,博学馆B座,15,2,2025-07-20 10:50:29
685,求是大厦西区,9,7,2025-07-20 10:50:29
686,至善大厦A座,8,0,2025-07-20 10:50:29
687,求是馆东区,18,2,2025-07-20 10:50:29
688,博学大厦西区,5,6,2025-07-20 10:50:29
689,科技馆(副楼),5,3,2025-07-20 10:50:29
690,求是楼东区,13,1,2025-07-20 10:50:29
691,明德学术楼东区,4,3,2025-07-20 10:50:29
692,创新馆东区,15,0,2025-07-20 10:50:29
693,至善楼B座,4,4,2025-07-20 10:50:29
694,明德学术楼(副楼),14,3,2025-07-20 10:50:29
695,创新馆A座,9,4,2025-07-20 10:50:30
696,创新馆西区,9,0,2025-07-20 10:50:30
697,至善实验楼西区,9,8,2025-07-20 10:50:30
698,明德馆东区,15,2,2025-07-20 10:50:30
699,博学研究中心(副楼),7,0,2025-07-20 10:50:30
700,至善学术楼西区,19,8,2025-07-20 10:50:30
701,求是楼东区,4,5,2025-07-20 10:50:30
702,创新研究中心B座,4,5,2025-07-20 10:50:30
703,至善楼(主楼),20,0,2025-07-20 10:50:30
704,博学馆(副楼),10,2,2025-07-20 10:50:30
705,求是研究中心B座,13,3,2025-07-20 10:50:30
706,求是楼B座,8,4,2025-07-20 10:50:30
707,求是大厦B座,4,8,2025-07-20 10:50:30
708,至善学术楼A座,12,4,2025-07-20 10:50:30
709,博学研究中心西区,11,0,2025-07-20 10:50:30
710,博学学术楼(主楼),2,3,2025-07-20 10:50:30
711,求是学术楼A座,17,1,2025-07-20 10:50:30
712,至善馆B座,4,1,2025-07-20 10:50:30
713,博学实验楼A座,8,6,2025-07-20 10:50:30
714,创新研究中心B座,2,2,2025-07-20 10:50:30
715,创新大厦(副楼),12,3,2025-07-20 10:50:30
716,明德楼西区,9,8,2025-07-20 10:50:30
717,求是研究中心(副楼),7,5,2025-07-20 10:50:30
718,博学学术楼东区,9,2,2025-07-20 10:50:30
719,科技研究中心(主楼),10,4,2025-07-20 10:50:30
720,至善楼西区,13,2,2025-07-20 10:50:30
721,求是楼A座,20,7,2025-07-20 10:50:30
722,明德实验楼东区,14,0,2025-07-20 10:50:30
723,至善研究中心西区,1,1,2025-07-20 10:50:30
724,至善大厦A座,9,3,2025-07-20 10:50:30
725,明德学术楼A座,7,6,2025-07-20 10:50:30
726,求是楼(主楼),20,8,2025-07-20 10:50:30
727,博学馆西区,19,7,2025-07-20 10:50:30
728,博学研究中心西区,16,4,2025-07-20 10:50:30
729,创新大厦东区,20,3,2025-07-20 10:50:30
730,科技大厦(副楼),17,4,2025-07-20 10:50:30
731,求是馆B座,14,4,2025-07-20 10:50:30
732,明德学术楼(主楼),10,1,2025-07-20 10:50:30
733,至善大厦东区,18,0,2025-07-20 10:50:30
734,创新实验楼(副楼),4,6,2025-07-20 10:50:30
735,明德研究中心(主楼),8,3,2025-07-20 10:50:30
736,科技研究中心东区,7,0,2025-07-20 10:50:30
737,至善实验楼A座,19,4,2025-07-20 10:50:30
738,博学楼A座,6,7,2025-07-20 10:50:30
739,求是学术楼B座,6,2,2025-07-20 10:50:30
740,明德学术楼(副楼),13,0,2025-07-20 10:50:30
741,明德大厦A座,2,8,2025-07-20 10:50:30
742,博学学术楼B座,20,1,2025-07-20 10:50:30
743,科技楼(副楼),2,8,2025-07-20 10:50:30
744,创新馆(副楼),7,5,2025-07-20 10:50:30
745,明德楼B座,17,0,2025-07-20 10:50:30
746,求是馆(主楼),1,4,2025-07-20 10:50:30
747,科技大厦(副楼),1,7,2025-07-20 10:50:30
748,至善研究中心A座,14,5,2025-07-20 10:50:30
749,至善实验楼(副楼),16,3,2025-07-20 10:50:30
750,创新大厦东区,8,8,2025-07-20 10:50:30
751,明德馆B座,10,0,2025-07-20 10:50:30
752,博学楼西区,12,5,2025-07-20 10:50:30
753,创新楼A座,19,2,2025-07-20 10:50:30
754,创新学术楼西区,2,3,2025-07-20 10:50:30
755,科技馆(副楼),20,6,2025-07-20 10:50:30
756,创新大厦(主楼),7,4,2025-07-20 10:50:30
757,科技研究中心(副楼),13,4,2025-07-20 10:50:30
758,至善研究中心(副楼),3,6,2025-07-20 10:50:30
759,创新馆(主楼),14,4,2025-07-20 10:50:30
760,科技实验楼东区,20,2,2025-07-20 10:50:30
761,明德实验楼(副楼),15,5,2025-07-20 10:50:30
762,明德研究中心西区,1,1,2025-07-20 10:50:30
763,博学馆B座,16,1,2025-07-20 10:50:30
764,明德大厦(主楼),2,0,2025-07-20 10:50:30
765,科技研究中心西区,7,2,2025-07-20 10:50:30
766,博学实验楼A座,6,0,2025-07-20 10:50:30
767,求是楼(副楼),13,2,2025-07-20 10:50:30
768,博学实验楼A座,6,7,2025-07-20 10:50:30
769,求是实验楼A座,9,2,2025-07-20 10:50:30
770,博学学术楼A座,13,0,2025-07-20 10:50:30
771,博学楼西区,6,6,2025-07-20 10:50:30
772,博学研究中心(副楼),20,1,2025-07-20 10:50:30
773,明德学术楼西区,9,7,2025-07-20 10:50:30
774,至善研究中心B座,20,8,2025-07-20 10:50:30
775,科技研究中心(副楼),7,7,2025-07-20 10:50:30
776,至善实验楼西区,4,6,2025-07-20 10:50:30
777,明德大厦A座,6,0,2025-07-20 10:50:30
778,科技实验楼(副楼),13,8,2025-07-20 10:50:30
779,科技楼(主楼),16,0,2025-07-20 10:50:30
780,求是实验楼(主楼),9,0,2025-07-20 10:50:30
781,博学研究中心西区,2,5,2025-07-20 10:50:30
782,科技馆西区,9,4,2025-07-20 10:50:30
783,求是楼A座,11,2,2025-07-20 10:50:30
784,博学大厦B座,13,5,2025-07-20 10:50:30
785,科技实验楼(主楼),12,8,2025-07-20 10:50:30
786,至善楼A座,13,5,2025-07-20 10:50:30
787,明德实验楼B座,1,0,2025-07-20 10:50:30
788,科技实验楼B座,5,5,2025-07-20 10:50:30
789,至善学术楼(副楼),17,8,2025-07-20 10:50:30
790,明德研究中心西区,19,8,2025-07-20 10:50:30
791,科技实验楼B座,3,8,2025-07-20 10:50:30
792,至善实验楼A座,13,4,2025-07-20 10:50:30
793,科技实验楼A座,7,6,2025-07-20 10:50:30
794,明德学术楼(主楼),15,8,2025-07-20 10:50:30
795,求是学术楼(副楼),11,2,2025-07-20 10:50:30
796,明德研究中心西区,15,3,2025-07-20 10:50:30
797,科技楼B座,19,4,2025-07-20 10:50:30
798,创新实验楼东区,15,1,2025-07-20 10:50:30
799,求是研究中心A座,19,2,2025-07-20 10:50:30
800,创新研究中心西区,15,0,2025-07-20 10:50:30
801,创新研究中心(主楼),14,0,2025-07-20 10:50:30
802,科技大厦(主楼),1,8,2025-07-20 10:50:30
803,至善楼东区,5,0,2025-07-20 10:50:30
804,博学实验楼(主楼),2,3,2025-07-20 10:50:30
805,科技研究中心西区,11,4,2025-07-20 10:50:30
806,至善楼(副楼),8,1,2025-07-20 10:50:30
807,创新学术楼A座,10,7,2025-07-20 10:50:30
808,明德楼东区,1,1,2025-07-20 10:50:30
809,科技馆西区,4,3,2025-07-20 10:50:30
810,博学研究中心西区,3,5,2025-07-20 10:50:30
811,至善研究中心A座,14,6,2025-07-20 10:50:30
812,求是学术楼B座,12,7,2025-07-20 10:50:30
813,博学馆A座,6,5,2025-07-20 10:50:30
814,明德大厦B座,19,3,2025-07-20 10:50:30
815,博学馆B座,6,5,2025-07-20 10:50:30
816,博学学术楼B座,19,3,2025-07-20 10:50:30
817,明德研究中心(副楼),4,6,2025-07-20 10:50:30
818,创新馆西区,6,6,2025-07-20 10:50:30
819,科技研究中心东区,19,1,2025-07-20 10:50:30
820,创新研究中心(主楼),20,4,2025-07-20 10:50:30
821,求是实验楼A座,5,4,2025-07-20 10:50:30
822,至善研究中心(副楼),4,4,2025-07-20 10:50:30
823,创新学术楼西区,12,2,2025-07-20 10:50:30
824,科技实验楼(主楼),9,7,2025-07-20 10:50:30
825,至善学术楼东区,18,7,2025-07-20 10:50:30
826,创新学术楼(副楼),12,1,2025-07-20 10:50:30
827,科技楼西区,15,5,2025-07-20 10:50:30
828,创新研究中心(副楼),1,1,2025-07-20 10:50:30
829,明德学术楼(副楼),19,5,2025-07-20 10:50:30
830,明德研究中心西区,17,5,2025-07-20 10:50:30
831,创新馆A座,2,6,2025-07-20 10:50:30
832,明德大厦B座,15,2,2025-07-20 10:50:30
833,至善研究中心B座,16,4,2025-07-20 10:50:30
834,明德学术楼东区,20,8,2025-07-20 10:50:30
835,至善实验楼A座,18,4,2025-07-20 10:50:30
836,求是实验楼(主楼),14,6,2025-07-20 10:50:30
837,创新大厦B座,11,5,2025-07-20 10:50:30
838,科技楼西区,5,5,2025-07-20 10:50:30
839,博学楼A座,5,3,2025-07-20 10:50:30
840,至善学术楼B座,14,0,2025-07-20 10:50:30
841,科技学术楼B座,6,2,2025-07-20 10:50:30
842,明德学术楼(主楼),2,4,2025-07-20 10:50:30
843,明德实验楼西区,19,7,2025-07-20 10:50:30
844,至善大厦(主楼),7,2,2025-07-20 10:50:30
845,创新馆B座,15,3,2025-07-20 10:50:30
846,科技研究中心(副楼),13,1,2025-07-20 10:50:30
847,创新馆A座,13,3,2025-07-20 10:50:30
848,博学大厦B座,9,7,2025-07-20 10:50:30
849,博学实验楼西区,4,6,2025-07-20 10:50:30
850,明德实验楼(主楼),13,4,2025-07-20 10:50:30
851,明德楼(副楼),3,2,2025-07-20 10:50:30
852,求是馆西区,8,0,2025-07-20 10:50:30
853,创新大厦(主楼),8,7,2025-07-20 10:50:30
854,求是实验楼A座,6,8,2025-07-20 10:50:30
855,博学学术楼(主楼),20,5,2025-07-20 10:50:30
856,博学馆(主楼),19,0,2025-07-20 10:50:30
857,博学楼西区,1,6,2025-07-20 10:50:30
858,明德大厦东区,3,0,2025-07-20 10:50:30
859,科技楼(副楼),2,0,2025-07-20 10:50:30
860,求是馆A座,20,2,2025-07-20 10:50:30
861,创新学术楼(副楼),18,5,2025-07-20 10:50:30
862,科技研究中心A座,19,7,2025-07-20 10:50:30
863,明德实验楼B座,16,1,2025-07-20 10:50:30
864,至善大厦(主楼),12,6,2025-07-20 10:50:30
865,求是实验楼(主楼),2,3,2025-07-20 10:50:30
866,至善馆(主楼),3,6,2025-07-20 10:50:30
867,科技馆B座,18,4,2025-07-20 10:50:30
868,博学馆A座,15,0,2025-07-20 10:50:30
869,明德实验楼A座,8,3,2025-07-20 10:50:30
870,博学大厦A座,15,1,2025-07-20 10:50:30
871,博学馆东区,11,4,2025-07-20 10:50:30
872,明德馆东区,10,8,2025-07-20 10:50:30
873,博学学术楼B座,16,0,2025-07-20 10:50:30
874,至善馆A座,11,1,2025-07-20 10:50:30
875,创新学术楼(副楼),11,7,2025-07-20 10:50:30
876,明德大厦东区,17,5,2025-07-20 10:50:30
877,至善楼A座,11,6,2025-07-20 10:50:30
878,博学大厦A座,13,6,2025-07-20 10:50:30
879,至善大厦B座,14,1,2025-07-20 10:50:30
880,求是馆(副楼),20,8,2025-07-20 10:50:30
881,创新研究中心(主楼),7,1,2025-07-20 10:50:30
882,求是大厦(主楼),11,8,2025-07-20 10:50:30
883,求是楼东区,2,0,2025-07-20 10:50:30
884,明德学术楼B座,3,4,2025-07-20 10:50:30
885,求是实验楼B座,18,4,2025-07-20 10:50:30
886,博学学术楼A座,13,1,2025-07-20 10:50:30
887,求是馆东区,15,0,2025-07-20 10:50:30
888,科技馆东区,12,5,2025-07-20 10:50:30
889,博学馆东区,4,2,2025-07-20 10:50:30
890,明德馆A座,13,4,2025-07-20 10:50:30
891,科技楼西区,7,5,2025-07-20 10:50:30
892,博学大厦A座,8,0,2025-07-20 10:50:30
893,博学馆B座,7,2,2025-07-20 10:50:30
894,创新楼西区,20,1,2025-07-20 10:50:30
895,博学实验楼B座,2,2,2025-07-20 10:50:30
896,至善大厦B座,1,7,2025-07-20 10:50:30
897,明德馆东区,10,8,2025-07-20 10:50:30
898,博学实验楼西区,1,8,2025-07-20 10:50:30
899,至善大厦(副楼),18,3,2025-07-20 10:50:30
900,求是研究中心A座,11,8,2025-07-20 10:50:30
901,求是楼A座,5,4,2025-07-20 10:50:30
902,求是学术楼B座,7,7,2025-07-20 10:50:30
903,创新馆B座,15,2,2025-07-20 10:50:30
904,求是楼B座,9,4,2025-07-20 10:50:30
905,博学研究中心B座,8,6,2025-07-20 10:50:30
906,博学研究中心西区,17,1,2025-07-20 10:50:30
907,至善馆(主楼),1,1,2025-07-20 10:50:30
908,科技大厦(副楼),10,6,2025-07-20 10:50:30
909,至善实验楼西区,14,5,2025-07-20 10:50:30
910,科技楼A座,20,7,2025-07-20 10:50:30
911,至善馆(主楼),11,1,2025-07-20 10:50:30
912,博学馆西区,4,6,2025-07-20 10:50:30
913,博学大厦(主楼),7,1,2025-07-20 10:50:30
914,求是大厦(副楼),15,1,2025-07-20 10:50:30
915,科技馆(副楼),9,7,2025-07-20 10:50:30
916,明德楼(主楼),17,0,2025-07-20 10:50:30
917,科技楼B座,19,1,2025-07-20 10:50:30
918,至善实验楼B座,3,0,2025-07-20 10:50:30
919,创新馆A座,17,6,2025-07-20 10:50:30
920,至善楼A座,2,3,2025-07-20 10:50:30
921,明德研究中心(主楼),2,8,2025-07-20 10:50:30
922,至善学术楼东区,2,3,2025-07-20 10:50:30
923,至善研究中心西区,7,2,2025-07-20 10:50:30
924,科技馆(主楼),19,7,2025-07-20 10:50:30
925,求是学术楼(副楼),11,2,2025-07-20 10:50:30
926,明德实验楼东区,3,6,2025-07-20 10:50:30
927,科技楼东区,8,7,2025-07-20 10:50:30
928,明德研究中心A座,19,7,2025-07-20 10:50:30
929,科技楼(主楼),3,1,2025-07-20 10:50:30
930,科技研究中心A座,9,1,2025-07-20 10:50:30
931,科技馆西区,16,8,2025-07-20 10:50:30
932,博学研究中心西区,14,2,2025-07-20 10:50:30
933,至善研究中心A座,5,4,2025-07-20 10:50:30
934,博学学术楼西区,6,0,2025-07-20 10:50:30
935,求是楼A座,18,1,2025-07-20 10:50:30
936,科技馆(主楼),8,2,2025-07-20 10:50:30
937,求是楼B座,10,6,2025-07-20 10:50:30
938,至善楼A座,9,4,2025-07-20 10:50:30
939,明德楼东区,4,8,2025-07-20 10:50:30
940,明德楼东区,18,0,2025-07-20 10:50:30
941,创新馆A座,5,8,2025-07-20 10:50:30
942,科技实验楼(主楼),11,3,2025-07-20 10:50:30
943,博学实验楼西区,10,6,2025-07-20 10:50:30
944,明德楼(副楼),6,8,2025-07-20 10:50:30
945,创新实验楼(主楼),12,2,2025-07-20 10:50:31
946,博学研究中心东区,19,5,2025-07-20 10:50:31
947,至善馆东区,2,7,2025-07-20 10:50:31
948,求是研究中心(副楼),14,6,2025-07-20 10:50:31
949,博学实验楼(主楼),19,6,2025-07-20 10:50:31
950,创新馆(副楼),11,3,2025-07-20 10:50:31
951,至善大厦B座,8,1,2025-07-20 10:50:31
952,明德馆东区,1,3,2025-07-20 10:50:31
953,创新大厦(副楼),9,3,2025-07-20 10:50:31
954,至善实验楼东区,15,0,2025-07-20 10:50:31
955,求是实验楼(主楼),7,7,2025-07-20 10:50:31
956,创新学术楼东区,6,7,2025-07-20 10:50:31
957,科技大厦(主楼),11,6,2025-07-20 10:50:31
958,明德研究中心B座,17,3,2025-07-20 10:50:31
959,博学楼东区,17,8,2025-07-20 10:50:31
960,求是馆(主楼),11,3,2025-07-20 10:50:31
961,求是实验楼A座,1,4,2025-07-20 10:50:31
962,至善楼西区,16,5,2025-07-20 10:50:31
963,创新大厦(副楼),11,0,2025-07-20 10:50:31
964,科技大厦(主楼),5,5,2025-07-20 10:50:31
965,博学馆A座,8,3,2025-07-20 10:50:31
966,博学研究中心西区,13,2,2025-07-20 10:50:31
967,求是大厦(主楼),11,0,2025-07-20 10:50:31
968,明德学术楼A座,13,3,2025-07-20 10:50:31
969,求是馆(副楼),3,0,2025-07-20 10:50:31
970,创新馆西区,7,2,2025-07-20 10:50:31
971,科技研究中心B座,10,5,2025-07-20 10:50:31
972,明德楼(副楼),3,0,2025-07-20 10:50:31
973,博学实验楼B座,1,1,2025-07-20 10:50:31
974,求是学术楼(副楼),5,4,2025-07-20 10:50:31
975,求是实验楼A座,12,4,2025-07-20 10:50:31
976,创新馆(主楼),18,7,2025-07-20 10:50:31
977,科技馆西区,6,0,2025-07-20 10:50:31
978,求是研究中心西区,8,0,2025-07-20 10:50:31
979,博学楼B座,2,2,2025-07-20 10:50:31
980,博学研究中心西区,20,3,2025-07-20 10:50:31
981,博学大厦A座,16,6,2025-07-20 10:50:31
982,明德楼(副楼),10,4,2025-07-20 10:50:31
983,至善学术楼(副楼),9,6,2025-07-20 10:50:31
984,明德学术楼(主楼),18,4,2025-07-20 10:50:31
985,博学楼A座,2,6,2025-07-20 10:50:31
986,求是馆(主楼),2,6,2025-07-20 10:50:31
987,求是馆(主楼),18,5,2025-07-20 10:50:31
988,创新学术楼东区,6,3,2025-07-20 10:50:31
989,创新研究中心(副楼),18,3,2025-07-20 10:50:31
990,求是学术楼东区,16,7,2025-07-20 10:50:31
991,创新研究中心东区,12,7,2025-07-20 10:50:31
992,至善楼B座,9,2,2025-07-20 10:50:31
993,至善研究中心B座,4,4,2025-07-20 10:50:31
994,博学实验楼东区,10,0,2025-07-20 10:50:31
995,创新馆A座,11,2,2025-07-20 10:50:31
996,至善实验楼A座,12,8,2025-07-20 10:50:31
997,创新馆B座,9,0,2025-07-20 10:50:31
998,博学学术楼(主楼),15,7,2025-07-20 10:50:31
999,至善大厦(主楼),6,4,2025-07-20 10:50:31
1000,明德实验楼(主楼),11,7,2025-07-20 10:50:31
1001,至善学术楼(主楼),9,4,2025-07-20 10:50:31
1002,科技楼A座,20,3,2025-07-20 10:50:31
1003,明德馆(副楼),13,2,2025-07-20 10:50:31
1004,至善研究中心(副楼),18,6,2025-07-20 10:50:31
1005,至善馆东区,5,0,2025-07-20 10:50:31
1006,明德研究中心(主楼),18,4,2025-07-20 10:50:31
1007,求是大厦西区,19,2,2025-07-20 10:50:31
1008,科技学术楼A座,20,2,2025-07-20 10:50:31
1009,求是馆(主楼),4,1,2025-07-20 10:50:31
1010,至善学术楼(副楼),16,3,2025-07-20 10:50:31
1011,科技学术楼B座,10,3,2025-07-20 10:50:31
1012,明德学术楼(主楼),20,3,2025-07-20 10:50:31
1013,博学馆西区,5,7,2025-07-20 10:50:31
1014,求是大厦A座,4,6,2025-07-20 10:50:31
1015,求是大厦东区,7,6,2025-07-20 10:50:31
1016,科技楼(主楼),17,0,2025-07-20 10:50:31
1017,明德实验楼(主楼),1,7,2025-07-20 10:50:31
1018,明德实验楼A座,3,6,2025-07-20 10:50:31
1019,创新馆西区,5,0,2025-07-20 10:50:31
1020,至善实验楼西区,13,3,2025-07-20 10:50:31
1021,明德大厦B座,12,8,2025-07-20 10:50:31
1022,求是研究中心东区,9,4,2025-07-20 10:50:31
1023,创新楼B座,7,0,2025-07-20 10:50:31
1024,求是馆东区,15,7,2025-07-20 10:50:31
1025,明德学术楼(主楼),9,6,2025-07-20 10:50:31
1026,求是楼东区,10,1,2025-07-20 10:50:31
1027,创新馆B座,10,7,2025-07-20 10:50:31
1028,明德实验楼A座,18,2,2025-07-20 10:50:31
1029,至善大厦A座,8,6,2025-07-20 10:50:31
1030,明德大厦西区,17,4,2025-07-20 10:50:31
1031,科技研究中心(主楼),8,5,2025-07-20 10:50:31
1032,科技学术楼西区,11,6,2025-07-20 10:50:31
1033,博学馆B座,8,1,2025-07-20 10:50:31
1034,至善学术楼(主楼),11,0,2025-07-20 10:50:31
1035,创新大厦西区,17,6,2025-07-20 10:50:31
1036,科技楼A座,14,4,2025-07-20 10:50:31
1037,博学大厦西区,12,7,2025-07-20 10:50:31
1038,创新大厦A座,17,4,2025-07-20 10:50:31
1039,创新实验楼(副楼),13,6,2025-07-20 10:50:31
1040,求是研究中心A座,12,0,2025-07-20 10:50:31
1041,至善实验楼(副楼),20,3,2025-07-20 10:50:31
1042,求是学术楼B座,10,3,2025-07-20 10:50:31
1043,博学馆B座,11,4,2025-07-20 10:50:31
1044,明德实验楼(主楼),5,5,2025-07-20 10:50:31
1045,科技馆东区,8,5,2025-07-20 10:50:31
1046,求是馆(主楼),3,2,2025-07-20 10:50:31
1047,科技楼西区,2,2,2025-07-20 10:50:31
1048,科技馆(主楼),7,1,2025-07-20 10:50:31
1049,科技研究中心A座,17,4,2025-07-20 10:50:31
1050,创新实验楼A座,16,5,2025-07-20 10:50:31
1051,创新研究中心A座,20,8,2025-07-20 10:50:31
1052,创新学术楼(主楼),4,8,2025-07-20 10:50:31
1053,博学大厦(副楼),11,3,2025-07-20 10:50:31
1054,明德大厦(副楼),10,7,2025-07-20 10:50:31
1055,科技馆(副楼),9,8,2025-07-20 10:50:31
1056,创新大厦B座,20,6,2025-07-20 10:50:31
1057,明德研究中心(主楼),7,2,2025-07-20 10:50:31
1058,明德研究中心(副楼),8,3,2025-07-20 10:50:31
1059,科技研究中心(主楼),14,1,2025-07-20 10:50:31
1060,求是馆B座,8,3,2025-07-20 10:50:31
1061,至善大厦B座,17,8,2025-07-20 10:50:31
1062,至善楼A座,4,3,2025-07-20 10:50:31
1063,创新实验楼A座,19,1,2025-07-20 10:50:31
1064,至善大厦西区,18,6,2025-07-20 10:50:31
1065,创新楼东区,2,7,2025-07-20 10:50:31
1066,创新馆A座,17,1,2025-07-20 10:50:31
1067,明德学术楼东区,1,6,2025-07-20 10:50:31
1068,求是大厦A座,5,8,2025-07-20 10:50:31
1069,创新实验楼(主楼),17,3,2025-07-20 10:50:31
1070,明德馆(副楼),8,8,2025-07-20 10:50:31
1071,科技研究中心西区,9,2,2025-07-20 10:50:31
1072,科技学术楼A座,19,7,2025-07-20 10:50:31
1073,至善学术楼A座,17,6,2025-07-20 10:50:31
1074,科技学术楼A座,7,8,2025-07-20 10:50:31
1075,科技大厦(主楼),14,6,2025-07-20 10:50:31
1076,博学楼A座,18,2,2025-07-20 10:50:31
1077,科技实验楼B座,16,4,2025-07-20 10:50:31
1078,至善研究中心A座,7,8,2025-07-20 10:50:31
1079,创新实验楼西区,13,5,2025-07-20 10:50:31
1080,至善实验楼B座,18,8,2025-07-20 10:50:31
1081,求是研究中心西区,10,7,2025-07-20 10:50:31
1082,科技研究中心(副楼),13,4,2025-07-20 10:50:31
1083,科技学术楼(副楼),18,1,2025-07-20 10:50:31
1084,明德研究中心B座,4,6,2025-07-20 10:50:31
1085,科技大厦(主楼),13,3,2025-07-20 10:50:31
1086,至善实验楼B座,12,3,2025-07-20 10:50:31
1087,科技实验楼B座,11,2,2025-07-20 10:50:31
1088,科技馆(主楼),6,7,2025-07-20 10:50:31
1089,至善研究中心(主楼),3,7,2025-07-20 10:50:31
1090,创新学术楼A座,3,5,2025-07-20 10:50:31
1091,求是大厦西区,13,7,2025-07-20 10:50:31
1092,创新馆(副楼),6,5,2025-07-20 10:50:31
1093,明德大厦B座,12,5,2025-07-20 10:50:31
1094,求是楼B座,4,0,2025-07-20 10:50:31
1095,科技大厦A座,2,3,2025-07-20 10:50:31
1096,明德馆东区,12,1,2025-07-20 10:50:31
1097,博学研究中心东区,20,8,2025-07-20 10:50:31
1098,创新馆B座,18,5,2025-07-20 10:50:31
1099,科技研究中心(副楼),3,0,2025-07-20 10:50:31
1100,明德楼B座,9,0,2025-07-20 10:50:31
1101,明德馆(副楼),9,6,2025-07-20 10:50:31
1102,至善楼(副楼),7,7,2025-07-20 10:50:31
1103,博学学术楼(副楼),10,6,2025-07-20 10:50:31
1104,创新实验楼西区,14,5,2025-07-20 10:50:31
1105,科技实验楼A座,8,1,2025-07-20 10:50:31
1106,科技楼东区,17,4,2025-07-20 10:50:31
1107,博学大厦东区,1,6,2025-07-20 10:50:31
1108,明德大厦西区,18,2,2025-07-20 10:50:31
1109,创新研究中心(主楼),6,2,2025-07-20 10:50:31
1110,至善学术楼B座,19,2,2025-07-20 10:50:31
1111,至善学术楼(主楼),8,4,2025-07-20 10:50:31
1112,明德大厦B座,20,2,2025-07-20 10:50:31
1113,科技实验楼B座,5,2,2025-07-20 10:50:31
1114,至善楼东区,15,5,2025-07-20 10:50:31
1115,博学馆西区,5,1,2025-07-20 10:50:31
1116,创新实验楼(主楼),5,8,2025-07-20 10:50:31
1117,科技大厦东区,1,1,2025-07-20 10:50:31
1118,明德实验楼西区,1,0,2025-07-20 10:50:31
1119,创新楼(主楼),4,6,2025-07-20 10:50:31
1120,求是楼(主楼),1,3,2025-07-20 10:50:31
1121,明德研究中心A座,11,6,2025-07-20 10:50:31
1122,科技大厦西区,4,5,2025-07-20 10:50:31
1123,至善大厦(副楼),8,3,2025-07-20 10:50:31
1124,科技楼A座,4,1,2025-07-20 10:50:31
1125,博学学术楼东区,10,5,2025-07-20 10:50:31
1126,求是大厦B座,17,7,2025-07-20 10:50:31
1127,科技楼东区,18,1,2025-07-20 10:50:31
1128,科技大厦(副楼),19,4,2025-07-20 10:50:31
1129,求是实验楼东区,7,5,2025-07-20 10:50:31
1130,明德实验楼(副楼),9,3,2025-07-20 10:50:31
1131,创新研究中心(主楼),18,5,2025-07-20 10:50:31
1132,至善馆东区,18,1,2025-07-20 10:50:31
1133,博学学术楼(副楼),3,6,2025-07-20 10:50:31
1134,科技研究中心(主楼),4,8,2025-07-20 10:50:31
1135,求是学术楼B座,7,2,2025-07-20 10:50:31
1136,求是楼A座,2,7,2025-07-20 10:50:31
1137,创新实验楼东区,12,1,2025-07-20 10:50:31
1138,至善实验楼(副楼),15,5,2025-07-20 10:50:31
1139,创新学术楼西区,12,3,2025-07-20 10:50:31
1140,至善馆东区,8,3,2025-07-20 10:50:31
1141,明德馆B座,11,1,2025-07-20 10:50:31
1142,创新实验楼(副楼),5,4,2025-07-20 10:50:31
1143,至善实验楼A座,14,2,2025-07-20 10:50:31
1144,科技研究中心A座,7,0,2025-07-20 10:50:31
1145,科技研究中心(主楼),16,5,2025-07-20 10:50:31
1146,明德楼东区,13,1,2025-07-20 10:50:31
1147,明德研究中心(主楼),4,1,2025-07-20 10:50:31
1148,求是学术楼A座,2,0,2025-07-20 10:50:31
1149,创新楼B座,12,3,2025-07-20 10:50:31
1150,创新研究中心(主楼),3,5,2025-07-20 10:50:31
1151,求是研究中心(主楼),12,2,2025-07-20 10:50:31
1152,求是馆(副楼),19,2,2025-07-20 10:50:31
1153,至善楼(主楼),7,4,2025-07-20 10:50:31
1154,求是实验楼(副楼),2,2,2025-07-20 10:50:31
1155,科技大厦(主楼),17,5,2025-07-20 10:50:31
1156,创新馆(主楼),13,3,2025-07-20 10:50:31
1157,博学大厦东区,7,3,2025-07-20 10:50:31
1158,创新大厦A座,1,3,2025-07-20 10:50:31
1159,求是馆A座,9,3,2025-07-20 10:50:31
1160,博学实验楼B座,18,2,2025-07-20 10:50:31
1161,求是实验楼东区,9,8,2025-07-20 10:50:31
1162,科技实验楼西区,1,8,2025-07-20 10:50:31
1163,求是馆(主楼),5,7,2025-07-20 10:50:31
1164,创新学术楼(主楼),3,0,2025-07-20 10:50:31
1165,求是馆(副楼),10,2,2025-07-20 10:50:31
1166,博学学术楼B座,2,7,2025-07-20 10:50:31
1167,创新馆B座,16,6,2025-07-20 10:50:31
1168,科技学术楼东区,3,1,2025-07-20 10:50:31
1169,科技楼B座,18,5,2025-07-20 10:50:31
1170,求是研究中心(主楼),15,6,2025-07-20 10:50:31
1171,明德研究中心(副楼),10,2,2025-07-20 10:50:31
1172,求是馆(主楼),12,2,2025-07-20 10:50:31
1173,创新馆西区,10,1,2025-07-20 10:50:31
1174,至善学术楼(副楼),8,5,2025-07-20 10:50:31
1175,创新楼A座,6,8,2025-07-20 10:50:31
1176,博学馆A座,5,3,2025-07-20 10:50:31
1177,明德实验楼A座,5,8,2025-07-20 10:50:31
1178,至善学术楼(主楼),3,6,2025-07-20 10:50:31
1179,科技楼东区,16,6,2025-07-20 10:50:31
1180,科技实验楼(副楼),10,4,2025-07-20 10:50:31
1181,科技实验楼西区,1,7,2025-07-20 10:50:31
1182,明德馆B座,8,6,2025-07-20 10:50:31
1183,至善大厦B座,9,6,2025-07-20 10:50:31
1184,科技学术楼西区,9,1,2025-07-20 10:50:31
1185,博学大厦(副楼),7,2,2025-07-20 10:50:31
1186,科技楼东区,2,7,2025-07-20 10:50:32
1187,博学实验楼西区,5,8,2025-07-20 10:50:32
1188,明德馆B座,1,8,2025-07-20 10:50:32
1189,明德实验楼(主楼),15,5,2025-07-20 10:50:32
1190,科技学术楼B座,9,3,2025-07-20 10:50:32
1191,求是研究中心(副楼),2,5,2025-07-20 10:50:32
1192,明德实验楼东区,8,5,2025-07-20 10:50:32
1193,明德楼西区,12,1,2025-07-20 10:50:32
1194,求是研究中心西区,11,4,2025-07-20 10:50:32
1195,创新楼东区,1,1,2025-07-20 10:50:32
1196,科技大厦B座,8,4,2025-07-20 10:50:32
1197,求是研究中心西区,17,7,2025-07-20 10:50:32
1198,求是研究中心(副楼),14,5,2025-07-20 10:50:32
1199,创新馆A座,7,3,2025-07-20 10:50:32
1200,至善馆西区,14,4,2025-07-20 10:50:32
1201,明德大厦A座,14,1,2025-07-20 10:50:32
1202,至善楼西区,18,4,2025-07-20 10:50:32
1203,至善实验楼B座,1,1,2025-07-20 10:50:32
1204,求是实验楼A座,18,2,2025-07-20 10:50:32
1205,博学研究中心西区,2,3,2025-07-20 10:50:32
1206,博学大厦(主楼),12,7,2025-07-20 10:50:32
1207,明德馆东区,12,6,2025-07-20 10:50:32
1208,科技研究中心B座,8,1,2025-07-20 10:50:32
1209,至善研究中心(主楼),2,1,2025-07-20 10:50:32
1210,至善馆西区,13,5,2025-07-20 10:50:32
1211,科技大厦(副楼),10,3,2025-07-20 10:50:32
1212,至善馆B座,15,8,2025-07-20 10:50:32
1213,明德馆B座,6,8,2025-07-20 10:50:32
1214,博学大厦(主楼),18,4,2025-07-20 10:50:32
1215,至善学术楼西区,7,0,2025-07-20 10:50:32
1216,创新楼(副楼),2,7,2025-07-20 10:50:32
1217,博学楼东区,7,8,2025-07-20 10:50:32
1218,博学大厦西区,8,0,2025-07-20 10:50:32
1219,求是研究中心(主楼),1,5,2025-07-20 10:50:32
1220,至善大厦西区,3,0,2025-07-20 10:50:32
1221,创新研究中心东区,11,5,2025-07-20 10:50:32
1222,至善馆B座,18,4,2025-07-20 10:50:32
1223,至善学术楼西区,14,5,2025-07-20 10:50:32
1224,科技馆(主楼),1,1,2025-07-20 10:50:32
1225,明德楼A座,18,6,2025-07-20 10:50:32
1226,科技实验楼东区,9,6,2025-07-20 10:50:32
1227,至善楼西区,3,3,2025-07-20 10:50:32
1228,创新楼西区,13,3,2025-07-20 10:50:32
1229,创新研究中心(主楼),8,3,2025-07-20 10:50:32
1230,博学馆B座,17,4,2025-07-20 10:50:32
1231,至善学术楼东区,2,4,2025-07-20 10:50:32
1232,博学大厦东区,14,5,2025-07-20 10:50:32
1233,科技研究中心(副楼),15,2,2025-07-20 10:50:32
1234,科技大厦东区,18,0,2025-07-20 10:50:32
1235,明德馆东区,9,2,2025-07-20 10:50:32
1236,博学实验楼西区,13,7,2025-07-20 10:50:32
1237,创新学术楼A座,16,1,2025-07-20 10:50:32
1238,明德研究中心(副楼),16,1,2025-07-20 10:50:32
1239,明德大厦(主楼),3,4,2025-07-20 10:50:32
1240,博学楼(主楼),12,5,2025-07-20 10:50:32
1241,科技学术楼(主楼),10,0,2025-07-20 10:50:32
1242,科技学术楼东区,19,8,2025-07-20 10:50:32
1243,至善楼(副楼),15,6,2025-07-20 10:50:32
1244,求是学术楼A座,18,8,2025-07-20 10:50:32
1245,科技楼东区,4,8,2025-07-20 10:50:32
1246,求是大厦B座,2,7,2025-07-20 10:50:32
1247,求是馆东区,11,6,2025-07-20 10:50:32
1248,博学馆西区,20,8,2025-07-20 10:50:32
1249,博学馆B座,13,0,2025-07-20 10:50:32
1250,博学馆东区,3,5,2025-07-20 10:50:32
1251,明德实验楼东区,15,6,2025-07-20 10:50:32
1252,至善楼B座,18,0,2025-07-20 10:50:32
1253,科技馆B座,5,1,2025-07-20 10:50:32
1254,明德实验楼东区,3,1,2025-07-20 10:50:32
1255,求是学术楼西区,4,1,2025-07-20 10:50:32
1256,明德大厦西区,1,3,2025-07-20 10:50:32
1257,求是大厦A座,7,4,2025-07-20 10:50:32
1258,求是楼(副楼),4,4,2025-07-20 10:50:32
1259,明德学术楼B座,11,0,2025-07-20 10:50:32
1260,求是实验楼(主楼),18,6,2025-07-20 10:50:32
1261,博学研究中心A座,11,8,2025-07-20 10:50:32
1262,科技实验楼B座,5,7,2025-07-20 10:50:32
1263,科技研究中心(副楼),1,5,2025-07-20 10:50:32
1264,科技研究中心A座,2,1,2025-07-20 10:50:32
1265,明德大厦(主楼),16,1,2025-07-20 10:50:32
1266,创新楼(主楼),9,7,2025-07-20 10:50:32
1267,至善大厦B座,20,5,2025-07-20 10:50:32
1268,至善研究中心西区,16,5,2025-07-20 10:50:32
1269,创新实验楼(主楼),12,1,2025-07-20 10:50:32
1270,至善实验楼B座,13,0,2025-07-20 10:50:32
1271,博学研究中心A座,20,1,2025-07-20 10:50:32
1272,至善楼东区,11,6,2025-07-20 10:50:32
1273,明德馆A座,6,6,2025-07-20 10:50:32
1274,博学实验楼东区,17,0,2025-07-20 10:50:32
1275,明德研究中心(副楼),13,5,2025-07-20 10:50:32
1276,至善大厦(副楼),17,2,2025-07-20 10:50:32
1277,求是实验楼A座,7,1,2025-07-20 10:50:32
1278,明德馆(主楼),5,0,2025-07-20 10:50:32
1279,至善学术楼西区,4,8,2025-07-20 10:50:32
1280,博学学术楼A座,3,5,2025-07-20 10:50:32
1281,至善研究中心(主楼),13,2,2025-07-20 10:50:32
1282,创新学术楼(主楼),7,8,2025-07-20 10:50:32
1283,至善学术楼西区,18,8,2025-07-20 10:50:32
1284,博学学术楼(主楼),6,2,2025-07-20 10:50:32
1285,博学实验楼(副楼),18,7,2025-07-20 10:50:32
1286,科技大厦(副楼),14,1,2025-07-20 10:50:32
1287,博学馆B座,6,4,2025-07-20 10:50:32
1288,求是研究中心(副楼),20,2,2025-07-20 10:50:32
1289,创新学术楼A座,20,4,2025-07-20 10:50:32
1290,求是楼(主楼),2,3,2025-07-20 10:50:32
1291,创新实验楼西区,3,5,2025-07-20 10:50:32
1292,博学楼B座,8,7,2025-07-20 10:50:32
1293,明德大厦(主楼),17,1,2025-07-20 10:50:32
1294,至善实验楼A座,5,8,2025-07-20 10:50:32
1295,明德馆A座,13,1,2025-07-20 10:50:32
1296,博学楼B座,11,5,2025-07-20 10:50:32
1297,求是馆(主楼),10,7,2025-07-20 10:50:32
1298,创新学术楼(副楼),12,3,2025-07-20 10:50:32
1299,求是大厦B座,9,5,2025-07-20 10:50:32
1300,求是馆(副楼),12,8,2025-07-20 10:50:32
1301,博学楼西区,12,5,2025-07-20 10:50:32
1302,明德馆B座,16,1,2025-07-20 10:50:32
1303,创新研究中心(副楼),15,8,2025-07-20 10:50:32
1304,明德馆A座,11,8,2025-07-20 10:50:32
1305,科技实验楼B座,14,8,2025-07-20 10:50:32
1306,创新楼A座,8,6,2025-07-20 10:50:32
1307,博学楼A座,10,5,2025-07-20 10:50:32
1308,明德楼(主楼),12,5,2025-07-20 10:50:32
1309,明德大厦B座,20,3,2025-07-20 10:50:32
1310,明德楼(副楼),13,0,2025-07-20 10:50:32
1311,科技学术楼东区,4,1,2025-07-20 10:50:32
1312,创新研究中心(主楼),12,1,2025-07-20 10:50:32
1313,博学研究中心B座,10,1,2025-07-20 10:50:32
1314,至善楼A座,14,7,2025-07-20 10:50:32
1315,明德大厦(副楼),6,4,2025-07-20 10:50:32
1316,科技实验楼西区,19,5,2025-07-20 10:50:32
1317,至善实验楼(主楼),16,5,2025-07-20 10:50:32
1318,科技学术楼西区,1,0,2025-07-20 10:50:32
1319,博学大厦(副楼),7,8,2025-07-20 10:50:32
1320,至善楼A座,14,7,2025-07-20 10:50:32
1321,求是大厦A座,7,2,2025-07-20 10:50:32
1322,博学实验楼(副楼),3,8,2025-07-20 10:50:32
1323,创新馆A座,18,3,2025-07-20 10:50:32
1324,科技楼西区,12,0,2025-07-20 10:50:32
1325,博学大厦(主楼),8,3,2025-07-20 10:50:32
1326,明德实验楼A座,20,8,2025-07-20 10:50:32
1327,创新馆B座,15,4,2025-07-20 10:50:32
1328,明德研究中心东区,19,4,2025-07-20 10:50:32
1329,科技研究中心B座,17,7,2025-07-20 10:50:32
1330,求是馆(主楼),7,6,2025-07-20 10:50:32
1331,博学实验楼西区,12,5,2025-07-20 10:50:32
1332,博学大厦(副楼),2,7,2025-07-20 10:50:32
1333,求是实验楼B座,15,4,2025-07-20 10:50:32
1334,创新大厦(主楼),5,5,2025-07-20 10:50:32
1335,明德楼(副楼),11,3,2025-07-20 10:50:32
1336,至善研究中心A座,12,4,2025-07-20 10:50:32
1337,求是大厦东区,8,7,2025-07-20 10:50:32
1338,明德研究中心(副楼),18,6,2025-07-20 10:50:32
1339,求是馆(主楼),15,6,2025-07-20 10:50:32
1340,博学大厦B座,7,6,2025-07-20 10:50:32
1341,博学研究中心A座,16,6,2025-07-20 10:50:32
1342,科技馆西区,5,7,2025-07-20 10:50:32
1343,明德学术楼西区,18,5,2025-07-20 10:50:32
1344,创新大厦(副楼),18,1,2025-07-20 10:50:32
1345,至善馆B座,5,6,2025-07-20 10:50:32
1346,科技大厦(主楼),18,3,2025-07-20 10:50:32
1347,求是楼A座,20,3,2025-07-20 10:50:32
1348,科技馆A座,16,2,2025-07-20 10:50:32
1349,博学楼(主楼),14,0,2025-07-20 10:50:32
1350,至善研究中心(主楼),19,1,2025-07-20 10:50:32
1351,科技实验楼(主楼),16,0,2025-07-20 10:50:32
1352,创新馆A座,7,1,2025-07-20 10:50:32
1353,创新实验楼西区,19,2,2025-07-20 10:50:32
1354,至善实验楼西区,10,7,2025-07-20 10:50:32
1355,明德研究中心(主楼),8,7,2025-07-20 10:50:32
1356,至善学术楼东区,6,4,2025-07-20 10:50:32
1357,科技大厦(副楼),8,7,2025-07-20 10:50:32
1358,科技学术楼A座,17,7,2025-07-20 10:50:32
1359,科技楼(主楼),19,6,2025-07-20 10:50:32
1360,明德楼西区,13,7,2025-07-20 10:50:32
1361,科技实验楼(副楼),2,8,2025-07-20 10:50:32
1362,博学研究中心西区,14,6,2025-07-20 10:50:32
1363,求是馆(主楼),4,0,2025-07-20 10:50:32
1364,博学馆A座,8,4,2025-07-20 10:50:32
1365,至善学术楼B座,14,8,2025-07-20 10:50:32
1366,博学大厦西区,15,2,2025-07-20 10:50:32
1367,明德实验楼(主楼),4,1,2025-07-20 10:50:32
1368,明德馆东区,12,6,2025-07-20 10:50:32
1369,明德大厦(副楼),15,3,2025-07-20 10:50:32
1370,明德研究中心东区,2,7,2025-07-20 10:50:32
1371,至善楼(主楼),20,3,2025-07-20 10:50:32
1372,科技研究中心A座,2,8,2025-07-20 10:50:32
1373,至善楼B座,2,3,2025-07-20 10:50:32
1374,创新实验楼东区,14,2,2025-07-20 10:50:32
1375,科技学术楼A座,6,5,2025-07-20 10:50:32
1376,科技大厦(副楼),1,6,2025-07-20 10:50:32
1377,至善大厦A座,7,6,2025-07-20 10:50:32
1378,创新学术楼B座,17,5,2025-07-20 10:50:32
1379,创新实验楼东区,4,3,2025-07-20 10:50:32
1380,求是大厦西区,14,2,2025-07-20 10:50:32
1381,科技大厦A座,7,1,2025-07-20 10:50:32
1382,博学馆A座,16,0,2025-07-20 10:50:32
1383,明德馆B座,8,7,2025-07-20 10:50:32
1384,博学楼A座,4,6,2025-07-20 10:50:32
1385,创新楼B座,2,1,2025-07-20 10:50:32
1386,明德馆东区,13,6,2025-07-20 10:50:32
1387,求是馆(副楼),17,5,2025-07-20 10:50:32
1388,明德学术楼西区,2,5,2025-07-20 10:50:32
1389,至善学术楼(副楼),3,1,2025-07-20 10:50:32
1390,博学实验楼(主楼),3,0,2025-07-20 10:50:32
1391,明德实验楼(主楼),13,7,2025-07-20 10:50:32
1392,创新大厦(副楼),3,8,2025-07-20 10:50:32
1393,科技学术楼西区,2,5,2025-07-20 10:50:32
1394,明德研究中心东区,4,3,2025-07-20 10:50:32
1395,科技学术楼西区,14,4,2025-07-20 10:50:32
1396,求是楼A座,8,6,2025-07-20 10:50:32
1397,求是实验楼B座,19,0,2025-07-20 10:50:32
1398,博学馆B座,13,2,2025-07-20 10:50:32
1399,求是馆东区,19,5,2025-07-20 10:50:32
1400,至善大厦(主楼),1,8,2025-07-20 10:50:32
1401,博学实验楼西区,11,1,2025-07-20 10:50:32
1402,求是研究中心(主楼),11,8,2025-07-20 10:50:32
1403,求是研究中心B座,8,1,2025-07-20 10:50:32
1404,科技馆西区,1,3,2025-07-20 10:50:32
1405,创新实验楼A座,14,2,2025-07-20 10:50:32
1406,创新学术楼A座,12,8,2025-07-20 10:50:32
1407,至善研究中心(副楼),3,1,2025-07-20 10:50:32
1408,博学学术楼东区,10,6,2025-07-20 10:50:32
1409,博学馆A座,11,7,2025-07-20 10:50:32
1410,明德学术楼A座,12,3,2025-07-20 10:50:32
1411,科技学术楼(主楼),16,1,2025-07-20 10:50:32
1412,科技学术楼B座,2,7,2025-07-20 10:50:32
1413,博学实验楼东区,9,5,2025-07-20 10:50:32
1414,博学实验楼A座,10,5,2025-07-20 10:50:32
1415,求是大厦(副楼),13,0,2025-07-20 10:50:32
1416,求是实验楼(主楼),4,1,2025-07-20 10:50:32
1417,至善学术楼A座,19,4,2025-07-20 10:50:32
1418,科技研究中心(主楼),7,4,2025-07-20 10:50:32
1419,科技学术楼(副楼),9,0,2025-07-20 10:50:32
1420,博学学术楼A座,6,6,2025-07-20 10:50:32
1421,至善研究中心(主楼),15,5,2025-07-20 10:50:32
1422,博学研究中心A座,13,5,2025-07-20 10:50:32
1423,科技馆(副楼),6,6,2025-07-20 10:50:32
1424,科技楼(副楼),10,7,2025-07-20 10:50:32
1425,创新大厦(主楼),19,2,2025-07-20 10:50:32
1426,明德学术楼东区,2,7,2025-07-20 10:50:32
1427,科技大厦东区,18,0,2025-07-20 10:50:32
1428,创新研究中心东区,3,3,2025-07-20 10:50:32
1429,至善实验楼东区,3,0,2025-07-20 10:50:32
1430,科技馆(副楼),9,7,2025-07-20 10:50:32
1431,科技大厦(主楼),14,3,2025-07-20 10:50:32
1432,博学实验楼B座,11,1,2025-07-20 10:50:32
1433,创新实验楼B座,15,4,2025-07-20 10:50:32
1434,明德学术楼西区,4,8,2025-07-20 10:50:32
1435,明德学术楼(副楼),16,1,2025-07-20 10:50:32
1436,博学馆(副楼),14,6,2025-07-20 10:50:33
1437,博学大厦(副楼),11,2,2025-07-20 10:50:33
1438,创新楼西区,4,4,2025-07-20 10:50:33
1439,至善学术楼西区,6,1,2025-07-20 10:50:33
1440,明德馆A座,12,6,2025-07-20 10:50:33
1441,创新研究中心西区,15,5,2025-07-20 10:50:33
1442,博学研究中心西区,9,1,2025-07-20 10:50:33
1443,至善研究中心(副楼),12,3,2025-07-20 10:50:33
1444,求是楼(副楼),14,3,2025-07-20 10:50:33
1445,博学研究中心A座,19,2,2025-07-20 10:50:33
1446,至善研究中心B座,20,5,2025-07-20 10:50:33
1447,求是实验楼(主楼),4,4,2025-07-20 10:50:33
1448,至善馆西区,9,2,2025-07-20 10:50:33
1449,求是实验楼东区,14,0,2025-07-20 10:50:33
1450,创新楼(主楼),7,0,2025-07-20 10:50:33
1451,科技实验楼东区,17,0,2025-07-20 10:50:33
1452,至善楼B座,6,5,2025-07-20 10:50:33
1453,科技研究中心A座,13,1,2025-07-20 10:50:33
1454,创新楼A座,19,3,2025-07-20 10:50:33
1455,至善馆A座,11,7,2025-07-20 10:50:33
1456,求是实验楼B座,10,1,2025-07-20 10:50:33
1457,明德楼(主楼),5,5,2025-07-20 10:50:33
1458,科技实验楼B座,11,7,2025-07-20 10:50:33
1459,至善实验楼A座,7,7,2025-07-20 10:50:33
1460,科技学术楼西区,12,0,2025-07-20 10:50:33
1461,创新学术楼A座,14,5,2025-07-20 10:50:33
1462,明德楼东区,18,3,2025-07-20 10:50:33
1463,创新学术楼西区,17,7,2025-07-20 10:50:33
1464,至善研究中心(主楼),9,3,2025-07-20 10:50:33
1465,创新研究中心A座,20,4,2025-07-20 10:50:33
1466,创新大厦东区,19,2,2025-07-20 10:50:33
1467,求是大厦(主楼),2,0,2025-07-20 10:50:33
1468,创新研究中心(主楼),5,8,2025-07-20 10:50:33
1469,科技楼(主楼),5,1,2025-07-20 10:50:33
1470,至善大厦(主楼),7,2,2025-07-20 10:50:33
1471,至善馆西区,5,0,2025-07-20 10:50:33
1472,明德实验楼(副楼),7,0,2025-07-20 10:50:33
1473,科技大厦东区,18,6,2025-07-20 10:50:33
1474,博学馆东区,19,3,2025-07-20 10:50:33
1475,科技研究中心(主楼),3,3,2025-07-20 10:50:33
1476,至善大厦A座,19,4,2025-07-20 10:50:33
1477,明德研究中心西区,8,2,2025-07-20 10:50:33
1478,创新学术楼(副楼),17,3,2025-07-20 10:50:33
1479,求是实验楼(副楼),13,6,2025-07-20 10:50:33
1480,明德馆A座,1,5,2025-07-20 10:50:33
1481,明德大厦东区,16,2,2025-07-20 10:50:33
1482,至善研究中心(副楼),14,7,2025-07-20 10:50:33
1483,博学大厦东区,2,7,2025-07-20 10:50:33
1484,科技馆西区,17,1,2025-07-20 10:50:33
1485,创新学术楼(副楼),3,8,2025-07-20 10:50:33
1486,科技研究中心A座,15,4,2025-07-20 10:50:33
1487,至善研究中心(主楼),17,5,2025-07-20 10:50:33
1488,至善学术楼(主楼),8,6,2025-07-20 10:50:33
1489,明德实验楼B座,2,0,2025-07-20 10:50:33
1490,至善大厦A座,20,8,2025-07-20 10:50:33
1491,明德实验楼东区,5,6,2025-07-20 10:50:33
1492,明德学术楼(主楼),2,8,2025-07-20 10:50:33
1493,科技大厦(主楼),16,8,2025-07-20 10:50:33
1494,创新楼(副楼),3,7,2025-07-20 10:50:33
1495,求是大厦西区,15,2,2025-07-20 10:50:33
1496,至善研究中心B座,12,5,2025-07-20 10:50:33
1497,科技实验楼A座,15,4,2025-07-20 10:50:33
1498,科技馆A座,17,1,2025-07-20 10:50:33
1499,创新学术楼西区,4,7,2025-07-20 10:50:33
1500,创新研究中心A座,12,8,2025-07-20 10:50:33
1501,求是馆(副楼),10,7,2025-07-20 10:50:33
1502,科技馆(副楼),1,2,2025-07-20 10:50:33
1503,科技研究中心西区,2,8,2025-07-20 10:50:33
1504,至善馆A座,18,7,2025-07-20 10:50:33
1505,求是馆B座,17,3,2025-07-20 10:50:33
1506,求是学术楼西区,17,1,2025-07-20 10:50:33
1507,创新实验楼(主楼),19,4,2025-07-20 10:50:33
1508,求是大厦B座,11,5,2025-07-20 10:50:33
1509,明德楼(副楼),17,4,2025-07-20 10:50:33
1510,博学学术楼(主楼),13,4,2025-07-20 10:50:33
1511,科技楼西区,7,4,2025-07-20 10:50:33
1512,明德学术楼(主楼),11,8,2025-07-20 10:50:33
1513,求是大厦西区,4,0,2025-07-20 10:50:33
1514,创新学术楼A座,9,7,2025-07-20 10:50:33
1515,明德实验楼(主楼),10,5,2025-07-20 10:50:33
1516,博学大厦西区,1,8,2025-07-20 10:50:33
1517,科技学术楼西区,6,1,2025-07-20 10:50:33
1518,至善楼(副楼),20,6,2025-07-20 10:50:33
1519,明德学术楼西区,8,3,2025-07-20 10:50:33
1520,科技大厦(主楼),6,2,2025-07-20 10:50:33
1521,博学学术楼东区,11,0,2025-07-20 10:50:33
1522,至善研究中心A座,15,5,2025-07-20 10:50:33
1523,创新楼东区,18,0,2025-07-20 10:50:33
1524,科技学术楼东区,10,8,2025-07-20 10:50:33
1525,明德实验楼东区,13,3,2025-07-20 10:50:33
1526,明德楼西区,17,7,2025-07-20 10:50:33
1527,求是实验楼(副楼),20,7,2025-07-20 10:50:33
1528,求是大厦B座,14,0,2025-07-20 10:50:33
1529,科技学术楼西区,19,3,2025-07-20 10:50:33
1530,求是学术楼(主楼),12,2,2025-07-20 10:50:33
1531,至善大厦(副楼),1,4,2025-07-20 10:50:33
1532,创新研究中心B座,12,5,2025-07-20 10:50:33
1533,博学大厦(主楼),12,2,2025-07-20 10:50:33
1534,至善大厦A座,17,7,2025-07-20 10:50:33
1535,明德楼西区,19,8,2025-07-20 10:50:33
1536,至善大厦(主楼),17,3,2025-07-20 10:50:33
1537,求是学术楼(副楼),10,8,2025-07-20 10:50:33
1538,明德楼西区,18,2,2025-07-20 10:50:33
1539,明德学术楼B座,19,5,2025-07-20 10:50:33
1540,明德楼西区,10,0,2025-07-20 10:50:33
1541,明德学术楼B座,20,3,2025-07-20 10:50:33
1542,创新馆A座,3,6,2025-07-20 10:50:33
1543,明德学术楼西区,20,0,2025-07-20 10:50:33
1544,博学楼(副楼),16,5,2025-07-20 10:50:33
1545,科技馆(副楼),18,1,2025-07-20 10:50:33
1546,博学实验楼西区,14,5,2025-07-20 10:50:33
1547,科技大厦西区,14,8,2025-07-20 10:50:33
1548,明德研究中心A座,10,1,2025-07-20 10:50:33
1549,科技大厦东区,20,2,2025-07-20 10:50:33
1550,求是馆东区,7,4,2025-07-20 10:50:33
1551,明德实验楼西区,1,3,2025-07-20 10:50:33
1552,创新楼(主楼),12,6,2025-07-20 10:50:33
1553,科技实验楼B座,5,2,2025-07-20 10:50:33
1554,至善研究中心A座,1,7,2025-07-20 10:50:33
1555,至善研究中心东区,8,7,2025-07-20 10:50:33
1556,求是楼B座,16,8,2025-07-20 10:50:33
1557,创新学术楼B座,10,1,2025-07-20 10:50:33
1558,求是学术楼A座,16,8,2025-07-20 10:50:33
1559,创新馆(主楼),2,2,2025-07-20 10:50:33
1560,博学研究中心B座,1,3,2025-07-20 10:50:33
1561,科技研究中心东区,14,8,2025-07-20 10:50:33
1562,科技研究中心西区,10,0,2025-07-20 10:50:33
1563,明德大厦东区,7,3,2025-07-20 10:50:33
1564,明德馆东区,4,6,2025-07-20 10:50:33
1565,至善实验楼B座,10,2,2025-07-20 10:50:33
1566,至善馆西区,6,0,2025-07-20 10:50:33
1567,科技大厦B座,2,2,2025-07-20 10:50:33
1568,科技学术楼西区,8,0,2025-07-20 10:50:33
1569,创新实验楼A座,5,7,2025-07-20 10:50:33
1570,明德大厦西区,4,2,2025-07-20 10:50:33
1571,至善实验楼西区,18,2,2025-07-20 10:50:33
1572,科技大厦东区,20,2,2025-07-20 10:50:33
1573,明德馆B座,13,1,2025-07-20 10:50:33
1574,博学楼(副楼),10,8,2025-07-20 10:50:33
1575,至善研究中心(主楼),19,4,2025-07-20 10:50:33
1576,创新馆(主楼),12,3,2025-07-20 10:50:33
1577,博学大厦(主楼),7,4,2025-07-20 10:50:33
1578,科技学术楼(副楼),2,2,2025-07-20 10:50:33
1579,创新大厦B座,8,3,2025-07-20 10:50:33
1580,明德楼(主楼),4,7,2025-07-20 10:50:33
1581,求是馆西区,20,2,2025-07-20 10:50:33
1582,明德楼东区,15,5,2025-07-20 10:50:33
1583,明德馆A座,13,6,2025-07-20 10:50:33
1584,明德馆西区,15,8,2025-07-20 10:50:33
1585,创新学术楼A座,14,4,2025-07-20 10:50:33
1586,求是馆A座,10,6,2025-07-20 10:50:33
1587,明德实验楼A座,9,4,2025-07-20 10:50:33
1588,科技楼东区,6,3,2025-07-20 10:50:33
1589,博学楼东区,8,5,2025-07-20 10:50:33
1590,至善大厦B座,19,8,2025-07-20 10:50:33
1591,科技馆(副楼),1,0,2025-07-20 10:50:33
1592,求是研究中心(主楼),7,6,2025-07-20 10:50:33
1593,博学学术楼东区,5,4,2025-07-20 10:50:33
1594,求是馆(副楼),9,7,2025-07-20 10:50:33
1595,至善馆东区,1,8,2025-07-20 10:50:33
1596,求是大厦B座,7,8,2025-07-20 10:50:33
1597,科技研究中心B座,9,7,2025-07-20 10:50:33
1598,科技实验楼(副楼),12,1,2025-07-20 10:50:33
1599,求是大厦B座,11,4,2025-07-20 10:50:33
1600,求是楼西区,5,1,2025-07-20 10:50:33
1601,博学大厦(副楼),11,7,2025-07-20 10:50:33
1602,明德馆(主楼),3,8,2025-07-20 10:50:33
1603,科技馆(副楼),14,1,2025-07-20 10:50:33
1604,科技学术楼东区,4,6,2025-07-20 10:50:33
1605,求是楼(副楼),1,6,2025-07-20 10:50:33
1606,至善研究中心A座,10,0,2025-07-20 10:50:33
1607,博学研究中心西区,5,8,2025-07-20 10:50:33
1608,至善实验楼西区,1,7,2025-07-20 10:50:33
1609,科技大厦(主楼),5,3,2025-07-20 10:50:33
1610,科技楼(副楼),9,4,2025-07-20 10:50:33
1611,科技研究中心东区,18,7,2025-07-20 10:50:33
1612,求是楼西区,9,7,2025-07-20 10:50:33
1613,至善大厦A座,11,2,2025-07-20 10:50:33
1614,创新学术楼东区,18,6,2025-07-20 10:50:33
1615,明德研究中心(主楼),1,5,2025-07-20 10:50:33
1616,明德楼(主楼),16,3,2025-07-20 10:50:33
1617,至善学术楼东区,3,8,2025-07-20 10:50:33
1618,至善实验楼西区,18,5,2025-07-20 10:50:33
1619,至善楼A座,4,8,2025-07-20 10:50:33
1620,至善大厦西区,19,7,2025-07-20 10:50:33
1621,创新学术楼A座,11,8,2025-07-20 10:50:33
1622,明德研究中心西区,20,7,2025-07-20 10:50:33
1623,至善学术楼A座,12,3,2025-07-20 10:50:33
1624,博学楼A座,9,1,2025-07-20 10:50:33
1625,创新学术楼西区,6,6,2025-07-20 10:50:33
1626,科技大厦西区,3,0,2025-07-20 10:50:33
1627,明德大厦(副楼),1,1,2025-07-20 10:50:33
1628,博学实验楼B座,18,2,2025-07-20 10:50:33
1629,科技大厦B座,8,8,2025-07-20 10:50:33
1630,博学研究中心(主楼),18,3,2025-07-20 10:50:33
1631,明德大厦A座,13,3,2025-07-20 10:50:33
1632,至善学术楼(副楼),10,5,2025-07-20 10:50:33
1633,创新学术楼A座,3,5,2025-07-20 10:50:33
1634,至善大厦(副楼),16,2,2025-07-20 10:50:33
1635,科技实验楼(主楼),11,0,2025-07-20 10:50:33
1636,至善实验楼(主楼),12,8,2025-07-20 10:50:33
1637,至善学术楼(主楼),3,5,2025-07-20 10:50:33
1638,博学馆西区,4,3,2025-07-20 10:50:33
1639,博学大厦西区,1,5,2025-07-20 10:50:33
1640,博学楼西区,10,4,2025-07-20 10:50:33
1641,创新实验楼(主楼),1,0,2025-07-20 10:50:33
1642,求是馆西区,12,4,2025-07-20 10:50:33
1643,明德研究中心(主楼),2,0,2025-07-20 10:50:33
1644,创新大厦A座,11,0,2025-07-20 10:50:33
1645,明德楼A座,4,0,2025-07-20 10:50:33
1646,博学馆东区,12,8,2025-07-20 10:50:33
1647,博学实验楼东区,7,8,2025-07-20 10:50:33
1648,博学研究中心西区,3,0,2025-07-20 10:50:33
1649,明德馆西区,7,4,2025-07-20 10:50:33
1650,求是研究中心A座,15,8,2025-07-20 10:50:33
1651,明德实验楼A座,13,5,2025-07-20 10:50:33
1652,求是馆东区,4,7,2025-07-20 10:50:33
1653,至善大厦(主楼),3,6,2025-07-20 10:50:33
1654,创新楼东区,4,2,2025-07-20 10:50:33
1655,明德实验楼东区,3,3,2025-07-20 10:50:33
1656,明德研究中心B座,13,4,2025-07-20 10:50:33
1657,科技楼西区,3,5,2025-07-20 10:50:33
1658,创新实验楼东区,13,1,2025-07-20 10:50:33
1659,创新馆B座,8,1,2025-07-20 10:50:33
1660,求是馆B座,19,4,2025-07-20 10:50:33
1661,科技大厦A座,1,0,2025-07-20 10:50:33
1662,求是馆东区,13,3,2025-07-20 10:50:33
1663,至善馆东区,1,5,2025-07-20 10:50:33
1664,创新馆(副楼),16,7,2025-07-20 10:50:33
1665,至善实验楼B座,15,6,2025-07-20 10:50:33
1666,求是研究中心东区,20,8,2025-07-20 10:50:33
1667,求是馆(副楼),11,4,2025-07-20 10:50:33
1668,创新馆(副楼),2,3,2025-07-20 10:50:33
1669,明德学术楼B座,12,7,2025-07-20 10:50:33
1670,至善学术楼A座,14,7,2025-07-20 10:50:33
1671,明德学术楼A座,14,3,2025-07-20 10:50:33
1672,明德大厦西区,2,6,2025-07-20 10:50:33
1673,博学楼(主楼),18,1,2025-07-20 10:50:33
1674,至善实验楼西区,17,5,2025-07-20 10:50:33
1675,至善学术楼东区,6,2,2025-07-20 10:50:33
1676,博学实验楼(主楼),12,6,2025-07-20 10:50:33
1677,明德学术楼(副楼),16,5,2025-07-20 10:50:33
1678,求是馆(主楼),18,6,2025-07-20 10:50:33
1679,博学研究中心B座,4,6,2025-07-20 10:50:33
1680,求是学术楼西区,8,3,2025-07-20 10:50:33
1681,求是大厦(主楼),12,2,2025-07-20 10:50:33
1682,创新实验楼(主楼),3,6,2025-07-20 10:50:33
1683,至善实验楼西区,14,8,2025-07-20 10:50:33
1684,明德大厦A座,8,7,2025-07-20 10:50:33
1685,求是研究中心B座,5,1,2025-07-20 10:50:34
1686,求是学术楼A座,12,2,2025-07-20 10:50:34
1687,至善实验楼(副楼),6,0,2025-07-20 10:50:34
1688,明德实验楼(主楼),12,1,2025-07-20 10:50:34
1689,至善学术楼(副楼),14,2,2025-07-20 10:50:34
1690,创新馆A座,19,2,2025-07-20 10:50:34
1691,创新研究中心(主楼),15,4,2025-07-20 10:50:34
1692,博学学术楼西区,6,1,2025-07-20 10:50:34
1693,创新研究中心A座,3,0,2025-07-20 10:50:34
1694,明德大厦B座,13,8,2025-07-20 10:50:34
1695,创新大厦东区,15,4,2025-07-20 10:50:34
1696,创新馆A座,14,3,2025-07-20 10:50:34
1697,至善学术楼西区,4,6,2025-07-20 10:50:34
1698,求是实验楼A座,13,8,2025-07-20 10:50:34
1699,创新大厦A座,17,2,2025-07-20 10:50:34
1700,求是馆(副楼),6,8,2025-07-20 10:50:34
1701,求是实验楼B座,14,6,2025-07-20 10:50:34
1702,博学实验楼B座,14,1,2025-07-20 10:50:34
1703,明德实验楼(副楼),2,4,2025-07-20 10:50:34
1704,求是楼(主楼),7,3,2025-07-20 10:50:34
1705,求是学术楼东区,1,2,2025-07-20 10:50:34
1706,博学大厦东区,10,2,2025-07-20 10:50:34
1707,博学学术楼B座,5,5,2025-07-20 10:50:34
1708,明德楼西区,2,5,2025-07-20 10:50:34
1709,创新馆B座,11,1,2025-07-20 10:50:34
1710,博学研究中心B座,15,4,2025-07-20 10:50:34
1711,科技大厦A座,7,7,2025-07-20 10:50:34
1712,创新馆西区,6,8,2025-07-20 10:50:34
1713,求是研究中心东区,7,3,2025-07-20 10:50:34
1714,明德研究中心B座,20,2,2025-07-20 10:50:34
1715,科技楼西区,12,6,2025-07-20 10:50:34
1716,创新研究中心西区,17,3,2025-07-20 10:50:34
1717,博学馆B座,6,8,2025-07-20 10:50:34
1718,博学大厦西区,13,6,2025-07-20 10:50:34
1719,科技馆B座,4,2,2025-07-20 10:50:34
1720,求是研究中心(副楼),1,5,2025-07-20 10:50:34
1721,明德研究中心西区,19,2,2025-07-20 10:50:34
1722,科技楼西区,14,6,2025-07-20 10:50:34
1723,明德大厦B座,13,6,2025-07-20 10:50:34
1724,明德研究中心A座,2,0,2025-07-20 10:50:34
1725,科技楼(主楼),11,3,2025-07-20 10:50:34
1726,明德大厦西区,19,7,2025-07-20 10:50:34
1727,创新研究中心(主楼),5,3,2025-07-20 10:50:34
1728,明德馆A座,9,6,2025-07-20 10:50:34
1729,至善研究中心东区,12,8,2025-07-20 10:50:34
1730,创新楼东区,5,3,2025-07-20 10:50:34
1731,创新大厦(主楼),18,1,2025-07-20 10:50:34
1732,科技研究中心(副楼),5,2,2025-07-20 10:50:34
1733,科技馆B座,7,5,2025-07-20 10:50:34
1734,博学楼B座,6,4,2025-07-20 10:50:34
1735,明德馆B座,15,3,2025-07-20 10:50:34
1736,至善学术楼(主楼),19,0,2025-07-20 10:50:34
1737,明德学术楼(主楼),17,5,2025-07-20 10:50:34
1738,创新研究中心B座,10,6,2025-07-20 10:50:34
1739,科技学术楼B座,17,2,2025-07-20 10:50:34
1740,至善学术楼B座,5,3,2025-07-20 10:50:34
1741,科技楼A座,9,4,2025-07-20 10:50:34
1742,求是实验楼(副楼),6,4,2025-07-20 10:50:34
1743,求是楼西区,4,6,2025-07-20 10:50:34
1744,至善大厦东区,2,7,2025-07-20 10:50:34
1745,明德研究中心西区,8,0,2025-07-20 10:50:34
1746,求是馆(主楼),1,6,2025-07-20 10:50:34
1747,求是楼B座,6,8,2025-07-20 10:50:34
1748,创新楼东区,6,6,2025-07-20 10:50:34
1749,博学大厦东区,4,1,2025-07-20 10:50:34
1750,求是学术楼B座,6,4,2025-07-20 10:50:34
1751,博学馆B座,1,8,2025-07-20 10:50:34
1752,至善楼(主楼),9,0,2025-07-20 10:50:34
1753,明德研究中心B座,16,3,2025-07-20 10:50:34
1754,科技楼西区,17,3,2025-07-20 10:50:34
1755,求是学术楼A座,4,4,2025-07-20 10:50:34
1756,求是楼A座,17,8,2025-07-20 10:50:34
1757,科技学术楼(副楼),12,7,2025-07-20 10:50:34
1758,至善大厦A座,4,4,2025-07-20 10:50:34
1759,博学研究中心(主楼),18,4,2025-07-20 10:50:34
1760,求是学术楼A座,7,8,2025-07-20 10:50:34
1761,求是研究中心B座,20,7,2025-07-20 10:50:34
1762,科技馆(主楼),18,3,2025-07-20 10:50:34
1763,博学学术楼B座,6,3,2025-07-20 10:50:34
1764,创新研究中心西区,15,0,2025-07-20 10:50:34
1765,科技楼A座,4,5,2025-07-20 10:50:34
1766,至善学术楼B座,7,2,2025-07-20 10:50:34
1767,创新实验楼西区,20,4,2025-07-20 10:50:34
1768,求是馆A座,20,0,2025-07-20 10:50:34
1769,明德大厦(副楼),1,2,2025-07-20 10:50:34
1770,创新研究中心(副楼),7,6,2025-07-20 10:50:34
1771,求是馆西区,16,2,2025-07-20 10:50:34
1772,博学研究中心东区,15,4,2025-07-20 10:50:34
1773,求是实验楼东区,15,0,2025-07-20 10:50:34
1774,博学大厦东区,9,2,2025-07-20 10:50:34
1775,求是楼B座,17,5,2025-07-20 10:50:34
1776,明德楼A座,12,1,2025-07-20 10:50:34
1777,求是学术楼A座,5,3,2025-07-20 10:50:34
1778,博学实验楼(副楼),7,3,2025-07-20 10:50:34
1779,明德大厦东区,1,6,2025-07-20 10:50:34
1780,科技楼(主楼),9,2,2025-07-20 10:50:34
1781,科技馆(副楼),1,3,2025-07-20 10:50:34
1782,科技大厦东区,9,8,2025-07-20 10:50:34
1783,明德楼A座,20,2,2025-07-20 10:50:34
1784,博学馆B座,5,2,2025-07-20 10:50:34
1785,创新大厦(主楼),12,1,2025-07-20 10:50:34
1786,求是楼(副楼),20,3,2025-07-20 10:50:34
1787,明德研究中心东区,13,7,2025-07-20 10:50:34
1788,创新馆A座,18,6,2025-07-20 10:50:34
1789,求是大厦西区,17,1,2025-07-20 10:50:34
1790,明德馆B座,11,3,2025-07-20 10:50:34
1791,至善研究中心东区,11,1,2025-07-20 10:50:34
1792,明德学术楼(副楼),2,4,2025-07-20 10:50:34
1793,至善实验楼(主楼),3,1,2025-07-20 10:50:34
1794,至善研究中心B座,13,5,2025-07-20 10:50:34
1795,明德实验楼(副楼),7,3,2025-07-20 10:50:34
1796,创新楼(副楼),13,8,2025-07-20 10:50:34
1797,创新学术楼A座,1,6,2025-07-20 10:50:34
1798,博学楼B座,2,5,2025-07-20 10:50:34
1799,博学研究中心B座,11,7,2025-07-20 10:50:34
1800,求是学术楼A座,6,8,2025-07-20 10:50:34
1801,求是楼东区,9,4,2025-07-20 10:50:34
1802,创新实验楼东区,15,5,2025-07-20 10:50:34
1803,至善馆(主楼),3,7,2025-07-20 10:50:34
1804,科技学术楼A座,11,1,2025-07-20 10:50:34
1805,科技馆东区,20,1,2025-07-20 10:50:34
1806,明德实验楼西区,2,7,2025-07-20 10:50:34
1807,求是馆(副楼),8,8,2025-07-20 10:50:34
1808,求是学术楼西区,16,8,2025-07-20 10:50:34
1809,至善实验楼西区,19,1,2025-07-20 10:50:34
1810,博学实验楼(主楼),19,8,2025-07-20 10:50:34
1811,创新大厦B座,6,2,2025-07-20 10:50:34
1812,明德研究中心西区,19,8,2025-07-20 10:50:34
1813,科技实验楼(主楼),14,5,2025-07-20 10:50:34
1814,科技楼A座,4,7,2025-07-20 10:50:34
1815,求是实验楼A座,9,4,2025-07-20 10:50:34
1816,明德学术楼A座,7,5,2025-07-20 10:50:34
1817,明德馆B座,14,0,2025-07-20 10:50:34
1818,博学学术楼(副楼),9,5,2025-07-20 10:50:34
1819,创新研究中心B座,2,6,2025-07-20 10:50:34
1820,创新实验楼(主楼),6,6,2025-07-20 10:50:34
1821,明德楼(主楼),2,6,2025-07-20 10:50:34
1822,博学实验楼西区,16,6,2025-07-20 10:50:34
1823,求是实验楼A座,13,0,2025-07-20 10:50:34
1824,至善大厦西区,11,0,2025-07-20 10:50:34
1825,科技研究中心A座,18,2,2025-07-20 10:50:34
1826,求是研究中心(主楼),8,5,2025-07-20 10:50:34
1827,科技学术楼西区,10,2,2025-07-20 10:50:34
1828,求是实验楼B座,6,2,2025-07-20 10:50:34
1829,明德学术楼A座,18,3,2025-07-20 10:50:34
1830,明德实验楼(副楼),10,7,2025-07-20 10:50:34
1831,科技实验楼西区,12,6,2025-07-20 10:50:34
1832,至善馆(副楼),17,6,2025-07-20 10:50:34
1833,求是楼B座,10,1,2025-07-20 10:50:34
1834,创新大厦B座,4,0,2025-07-20 10:50:34
1835,科技实验楼西区,15,8,2025-07-20 10:50:34
1836,科技大厦(副楼),8,4,2025-07-20 10:50:34
1837,至善馆西区,20,3,2025-07-20 10:50:34
1838,科技大厦A座,9,5,2025-07-20 10:50:34
1839,至善实验楼A座,13,2,2025-07-20 10:50:34
1840,创新馆(主楼),14,3,2025-07-20 10:50:34
1841,至善学术楼A座,8,5,2025-07-20 10:50:34
1842,科技学术楼(主楼),6,4,2025-07-20 10:50:34
1843,明德实验楼(副楼),2,3,2025-07-20 10:50:34
1844,明德馆B座,6,6,2025-07-20 10:50:34
1845,求是学术楼A座,12,0,2025-07-20 10:50:34
1846,科技大厦(副楼),7,8,2025-07-20 10:50:34
1847,至善楼东区,16,8,2025-07-20 10:50:34
1848,博学大厦东区,14,8,2025-07-20 10:50:34
1849,创新研究中心(主楼),10,4,2025-07-20 10:50:34
1850,创新研究中心B座,3,0,2025-07-20 10:50:34
1851,科技学术楼A座,6,8,2025-07-20 10:50:34
1852,科技实验楼东区,4,3,2025-07-20 10:50:34
1853,求是馆B座,18,6,2025-07-20 10:50:34
1854,至善楼东区,4,5,2025-07-20 10:50:34
1855,明德大厦(副楼),4,5,2025-07-20 10:50:34
1856,至善研究中心B座,2,5,2025-07-20 10:50:34
1857,明德楼A座,4,1,2025-07-20 10:50:34
1858,科技馆A座,3,7,2025-07-20 10:50:34
1859,至善馆东区,17,5,2025-07-20 10:50:34
1860,创新实验楼B座,4,0,2025-07-20 10:50:34
1861,博学实验楼(副楼),6,6,2025-07-20 10:50:34
1862,创新楼A座,1,3,2025-07-20 10:50:34
1863,创新大厦(副楼),4,2,2025-07-20 10:50:34
1864,博学研究中心(主楼),7,5,2025-07-20 10:50:34
1865,博学学术楼(副楼),16,8,2025-07-20 10:50:34
1866,科技研究中心(主楼),14,8,2025-07-20 10:50:34
1867,明德实验楼西区,16,1,2025-07-20 10:50:34
1868,明德大厦西区,13,0,2025-07-20 10:50:34
1869,明德研究中心东区,2,2,2025-07-20 10:50:34
1870,创新实验楼西区,5,1,2025-07-20 10:50:34
1871,科技馆B座,7,4,2025-07-20 10:50:34
1872,科技学术楼东区,15,7,2025-07-20 10:50:34
1873,至善楼A座,16,0,2025-07-20 10:50:34
1874,科技楼西区,16,7,2025-07-20 10:50:34
1875,求是馆(副楼),18,7,2025-07-20 10:50:34
1876,科技学术楼(主楼),20,3,2025-07-20 10:50:34
1877,科技学术楼(副楼),8,2,2025-07-20 10:50:34
1878,至善实验楼东区,8,4,2025-07-20 10:50:34
1879,明德研究中心B座,14,4,2025-07-20 10:50:34
1880,至善学术楼B座,16,6,2025-07-20 10:50:34
1881,求是研究中心B座,15,0,2025-07-20 10:50:34
1882,求是实验楼B座,12,5,2025-07-20 10:50:34
1883,科技学术楼(副楼),2,5,2025-07-20 10:50:34
1884,创新大厦西区,19,2,2025-07-20 10:50:34
1885,博学楼东区,14,8,2025-07-20 10:50:34
1886,创新学术楼A座,16,1,2025-07-20 10:50:34
1887,创新馆B座,6,5,2025-07-20 10:50:34
1888,明德楼(副楼),17,6,2025-07-20 10:50:34
1889,创新学术楼东区,1,7,2025-07-20 10:50:34
1890,明德学术楼(主楼),5,5,2025-07-20 10:50:34
1891,求是实验楼东区,17,3,2025-07-20 10:50:34
1892,博学学术楼(主楼),10,4,2025-07-20 10:50:34
1893,明德实验楼(副楼),9,6,2025-07-20 10:50:34
1894,至善大厦(副楼),3,4,2025-07-20 10:50:34
1895,创新馆A座,5,8,2025-07-20 10:50:34
1896,创新馆(主楼),6,6,2025-07-20 10:50:34
1897,博学实验楼A座,18,0,2025-07-20 10:50:34
1898,求是大厦东区,7,7,2025-07-20 10:50:34
1899,创新学术楼西区,16,6,2025-07-20 10:50:34
1900,求是学术楼(副楼),19,7,2025-07-20 10:50:34
1901,至善大厦东区,15,5,2025-07-20 10:50:34
1902,明德研究中心A座,6,6,2025-07-20 10:50:34
1903,创新大厦B座,17,2,2025-07-20 10:50:34
1904,博学楼A座,6,8,2025-07-20 10:50:34
1905,至善大厦西区,9,4,2025-07-20 10:50:34
1906,博学馆西区,16,4,2025-07-20 10:50:34
1907,科技研究中心B座,10,2,2025-07-20 10:50:34
1908,博学实验楼(主楼),9,4,2025-07-20 10:50:34
1909,创新研究中心(副楼),18,2,2025-07-20 10:50:34
1910,至善大厦东区,14,1,2025-07-20 10:50:34
1911,明德大厦西区,19,7,2025-07-20 10:50:34
1912,博学大厦B座,18,7,2025-07-20 10:50:34
1913,创新研究中心(副楼),2,5,2025-07-20 10:50:34
1914,科技实验楼(副楼),9,6,2025-07-20 10:50:34
1915,至善大厦西区,1,0,2025-07-20 10:50:34
1916,至善研究中心西区,1,7,2025-07-20 10:50:34
1917,求是实验楼B座,4,6,2025-07-20 10:50:34
1918,博学学术楼A座,9,6,2025-07-20 10:50:34
1919,求是大厦A座,18,8,2025-07-20 10:50:34
1920,求是研究中心B座,17,7,2025-07-20 10:50:34
1921,至善楼B座,18,2,2025-07-20 10:50:34
1922,博学楼(主楼),9,1,2025-07-20 10:50:34
1923,创新研究中心西区,3,6,2025-07-20 10:50:34
1924,求是馆(副楼),12,0,2025-07-20 10:50:34
1925,科技楼西区,10,3,2025-07-20 10:50:34
1926,创新楼西区,7,2,2025-07-20 10:50:34
1927,至善馆A座,19,3,2025-07-20 10:50:34
1928,至善馆(副楼),1,0,2025-07-20 10:50:34
1929,科技馆B座,3,7,2025-07-20 10:50:34
1930,求是馆(副楼),13,1,2025-07-20 10:50:34
1931,科技大厦A座,15,1,2025-07-20 10:50:34
1932,至善楼B座,14,4,2025-07-20 10:50:34
1933,求是实验楼东区,11,4,2025-07-20 10:50:34
1934,博学学术楼A座,4,4,2025-07-20 10:50:35
1935,至善学术楼(主楼),14,3,2025-07-20 10:50:35
1936,科技研究中心东区,17,0,2025-07-20 10:50:35
1937,求是大厦东区,19,1,2025-07-20 10:50:35
1938,科技馆东区,10,8,2025-07-20 10:50:35
1939,至善馆东区,11,0,2025-07-20 10:50:35
1940,创新学术楼(副楼),1,1,2025-07-20 10:50:35
1941,求是学术楼(副楼),11,4,2025-07-20 10:50:35
1942,科技研究中心B座,2,5,2025-07-20 10:50:35
1943,科技大厦(副楼),18,4,2025-07-20 10:50:35
1944,明德楼西区,14,3,2025-07-20 10:50:35
1945,科技大厦A座,2,5,2025-07-20 10:50:35
1946,创新学术楼A座,4,4,2025-07-20 10:50:35
1947,博学学术楼(副楼),20,2,2025-07-20 10:50:35
1948,创新馆东区,20,0,2025-07-20 10:50:35
1949,科技研究中心东区,16,7,2025-07-20 10:50:35
1950,博学学术楼(副楼),17,7,2025-07-20 10:50:35
1951,博学学术楼B座,2,8,2025-07-20 10:50:35
1952,求是实验楼西区,9,1,2025-07-20 10:50:35
1953,求是实验楼东区,14,2,2025-07-20 10:50:35
1954,求是实验楼西区,1,1,2025-07-20 10:50:35
1955,创新大厦B座,12,7,2025-07-20 10:50:35
1956,至善实验楼西区,13,7,2025-07-20 10:50:35
1957,博学大厦B座,19,3,2025-07-20 10:50:35
1958,明德馆东区,13,1,2025-07-20 10:50:35
1959,求是学术楼B座,14,7,2025-07-20 10:50:35
1960,明德实验楼A座,2,3,2025-07-20 10:50:35
1961,科技实验楼西区,5,7,2025-07-20 10:50:35
1962,科技研究中心西区,9,5,2025-07-20 10:50:35
1963,至善馆A座,20,7,2025-07-20 10:50:35
1964,创新研究中心(主楼),5,5,2025-07-20 10:50:35
1965,明德楼东区,18,5,2025-07-20 10:50:35
1966,科技馆A座,16,5,2025-07-20 10:50:35
1967,至善楼(副楼),4,6,2025-07-20 10:50:35
1968,至善馆东区,3,7,2025-07-20 10:50:35
1969,科技实验楼B座,1,0,2025-07-20 10:50:35
1970,至善楼西区,16,4,2025-07-20 10:50:35
1971,明德研究中心(副楼),13,8,2025-07-20 10:50:35
1972,求是研究中心(主楼),11,5,2025-07-20 10:50:35
1973,科技馆(副楼),1,6,2025-07-20 10:50:35
1974,至善馆(主楼),17,3,2025-07-20 10:50:35
1975,科技大厦(主楼),4,2,2025-07-20 10:50:35
1976,博学学术楼东区,15,8,2025-07-20 10:50:35
1977,至善学术楼B座,2,3,2025-07-20 10:50:35
1978,博学馆东区,5,0,2025-07-20 10:50:35
1979,至善研究中心(副楼),12,5,2025-07-20 10:50:35
1980,科技研究中心西区,20,1,2025-07-20 10:50:35
1981,科技研究中心西区,1,7,2025-07-20 10:50:35
1982,明德大厦东区,20,7,2025-07-20 10:50:35
1983,至善馆(主楼),13,2,2025-07-20 10:50:35
1984,科技楼东区,5,3,2025-07-20 10:50:35
1985,创新学术楼(主楼),8,1,2025-07-20 10:50:35
1986,博学馆A座,7,7,2025-07-20 10:50:35
1987,博学研究中心(主楼),1,3,2025-07-20 10:50:35
1988,求是大厦B座,6,7,2025-07-20 10:50:35
1989,求是馆西区,19,1,2025-07-20 10:50:35
1990,至善研究中心A座,16,7,2025-07-20 10:50:35
1991,至善学术楼A座,16,0,2025-07-20 10:50:35
1992,博学学术楼东区,10,8,2025-07-20 10:50:35
1993,创新楼A座,8,1,2025-07-20 10:50:35
1994,至善大厦(副楼),17,5,2025-07-20 10:50:35
1995,创新楼(主楼),12,8,2025-07-20 10:50:35
1996,明德大厦(主楼),19,5,2025-07-20 10:50:35
1997,博学大厦B座,4,0,2025-07-20 10:50:35
1998,至善研究中心(主楼),20,7,2025-07-20 10:50:35
1999,博学研究中心西区,13,4,2025-07-20 10:50:35
2000,求是大厦A座,1,7,2025-07-20 10:50:35
2001,科技大厦B座,6,4,2025-07-20 10:50:35
2002,博学研究中心(副楼),18,5,2025-07-20 10:50:35
2003,明德实验楼西区,18,8,2025-07-20 10:50:35
2004,科技大厦(副楼),11,5,2025-07-20 10:50:35
2005,科技研究中心(主楼),3,8,2025-07-20 10:50:35
2006,求是馆(主楼),20,5,2025-07-20 10:50:35
2007,求是大厦B座,20,5,2025-07-20 10:50:35
2008,求是实验楼A座,3,0,2025-07-20 10:50:35
2009,科技学术楼西区,19,3,2025-07-20 10:50:35
2010,科技实验楼(主楼),11,8,2025-07-20 10:50:35
2011,求是楼(主楼),13,2,2025-07-20 10:50:35
2012,至善学术楼B座,18,3,2025-07-20 10:50:35
